City,Status,assignee,Type,name_en,name_zh,OSM Search,GM Search,osm_type,osm_id,GM locatio,OSM location,source,lon,lat,custom_name,comments,wikidata,wikipedia
Bali,OSM,,Hotel,InterContinental Bali Resort,洲际巴厘岛酒店,https://batpad.github.io/quick-geocode/?name=InterContinental%20Bali%20Resort&city=Bali,"https://www.google.com/maps/search/InterContinental+Bali+Resort,+Bali/",way,132239458,,#N/A,,115.16752,-8.77937,InterContinental Bali,,,en:Intercontinental Hotel Bali
Bali,OSM,,Tourism,Kertha Gosa,克龙宫仲裁法庭,https://batpad.github.io/quick-geocode/?name=Kertha%20Gosa&city=Bali,"https://www.google.com/maps/search/Kertha+Gosa,+Bali/",way,240887756,,#N/A,,115.4032819,-8.535656006,Kertha Gosa,,,en:Kertha Gosa Pavilion
Bali,OSM,,Tourism,Puri Lukisan Museum,鲁基桑美术馆,https://batpad.github.io/quick-geocode/?name=Puri%20Lukisan%20Museum&city=Bali,"https://www.google.com/maps/search/Puri+Lukisan+Museum,+Bali/",way,371346857,,#N/A,,115.2602944,-8.505112565,Puri Lukisan Museum,,,en:Puri Lukisan Museum
Bali,OSM,,Tourism,Tanah Lot,海神庙,https://batpad.github.io/quick-geocode/?name=Tanah%20Lot&city=Bali,"https://www.google.com/maps/search/Tanah+Lot,+Bali/",node,314915373,,#N/A,,115.08687,-8.62125,Tanah Lot,,,en:Tanah Lot
Bali,OSM,,Tourism,The Bali Bombing Memorial,巴厘岛爆炸纪念碑,https://batpad.github.io/quick-geocode/?name=The%20Bali%20Bombing%20Memorial&city=Bali,"https://www.google.com/maps/search/The+Bali+Bombing+Memorial,+Bali/",node,4182652970,,#N/A,,115.17449,-8.71732,The Bali Bombing Memorial,,Q86584,en:2002 Bali bombings
Bangkok,OSM,samely,Tourism,Ananta Samakhom Throne Hall,旧国会大厦,https://batpad.github.io/quick-geocode/?name=Ananta%20Samakhom%20Throne%20Hall&city=Bangkok,"https://www.google.com/maps/search/Ananta+Samakhom+Throne+Hall,+Bangkok/",way,31987148,,#N/A,google,100.5128184,13.77159211,,,,en:Ananta Samakhom Throne Hall
Bangkok,OSM,samely,Tourism,Ananta Samakhom Throne Hall,阿兰达皇家博物馆,https://batpad.github.io/quick-geocode/?name=Ananta%20Samakhom%20Throne%20Hall&city=Bangkok,"https://www.google.com/maps/search/Ananta+Samakhom+Throne+Hall,+Bangkok/",way,31987148,,#N/A,overpass,100.5131076,13.7716901,,,,en:Ananta Samakhom Throne Hall
Bangkok,OSM,samely,Tourism,Vimanmek Mansion,维曼默宫,https://batpad.github.io/quick-geocode/?name=Vimanmek%20Mansion&city=Bangkok,"https://www.google.com/maps/search/Vimanmek+Mansion,+Bangkok/",way,31987914,,#N/A,overpass,100.5123285,13.7741306,,,,en:Vimanmek Mansion
Bangkok,OSM,samely,Tourism,Vimanmek Teak Mansion,柚木宫,https://batpad.github.io/quick-geocode/?name=Vimanmek%20Teak%20Mansion&city=Bangkok,"https://www.google.com/maps/search/Vimanmek+Teak+Mansion,+Bangkok/",way,31987914,,#N/A,google,100.5122081,13.77418535,,,,en:Vimanmek Mansion
Bangkok,OSM,samely,Tourism,Wat Phra Kaew,玉佛寺,https://batpad.github.io/quick-geocode/?name=Wat%20Phra%20Kaew&city=Bangkok,"https://www.google.com/maps/search/Wat+Phra+Kaew,+Bangkok/",way,230010054,,#N/A,google,100.492392,13.75135716,,,,en:Wat Phra Kaew
Chiang Mai,OSM,piligab,Tourism,Wat Lok Molee,罗摩利寺,https://batpad.github.io/quick-geocode/?name=Wat%20Lok%20Molee&city=Chiang%20Mai,"https://www.google.com/maps/search/Wat+Lok+Molee,+Chiang+Mai/",node,1030600276,,#N/A,overpass,,,,,,th:วัดโลกโมฬี
Hanoi,OSM,Abhishek,Shopping,Parkson Keangnam,江南百盛,https://batpad.github.io/quick-geocode/?name=Parkson%20Keangnam&city=Hanoi,"https://www.google.com/maps/search/Parkson+Keangnam,+Hanoi/",way,339940207,"https://www.google.co.in/maps/place/Parkson+Keangnam/@21.0172037,105.7834182,21z/data=!4m13!1m7!3m6!1s0x3135ab5518dd4a0b:0xca427ff05a36edbb!2sParkson+Keangnam!3b1!8m2!3d21.0171658!4d105.7834733!3m4!1s0x3135ab5518dd4a0b:0xca427ff05a36edbb!8m2!3d21.0171658!4d105.7834733",http://www.openstreetmap.org/?mlat=21.0171658&mlon=105.7834733!3m4!1s0x3135ab5518dd4a0b:0xca427ff05a36edbb!8m2!/?mlat=21.0171658&mlon=105.7834733!3m4!1s0x3135ab5518dd4a0b:0xca427ff05a36edbb!8m2!/?mlat=21.0171658&mlon=105.7834733#map=18/21.0172037/105.7834182&layers=D,google,,,,,,en:Keangnam Hanoi Landmark Tower
Hanoi,OSM,Abhishek,Tourism,48 Hang Ngang House,48号横行街民居,https://batpad.github.io/quick-geocode/?name=48%20Hang%20Ngang%20House&city=Hanoi,"https://www.google.com/maps/search/48+Hang+Ngang+House,+Hanoi/",node,445345255,,#N/A,osm-nominatim,,,,,,vi:Nhà 48 Hàng Ngang
Hanoi,OSM,karitop,Tourism,Hoa Lo Prison Museum,火炉监狱,https://batpad.github.io/quick-geocode/?name=Hoa%20Lo%20Prison%20Museum&city=Hanoi,"https://www.google.com/maps/search/Hoa+Lo+Prison+Museum,+Hanoi/",way,340128580,,#N/A,overpass,,,,"name in osm ""Phủ Chủ Tịch""",,en:Hỏa Lò Prison
Hanoi,OSM,karitop,Tourism,Hoàn Kiem,还剑湖,https://batpad.github.io/quick-geocode/?name=Hoàn%20Kiem&city=Hanoi,"https://www.google.com/maps/search/Hoàn+Kiem,+Hanoi/",way,9566396,,#N/A,google,,,,"name in osm ""Hồ Hoàn Kiếm""",,en:Thuận Thiên (sword)
Hanoi,OSM,karitop,Tourism,Temple of Literature,文庙,https://batpad.github.io/quick-geocode/?name=Temple%20of%20Literature&city=Hanoi,"https://www.google.com/maps/search/Temple+of+Literature,+Hanoi/",node,309683951,,#N/A,overpass,105.8361148,21.0291422,,,Q1202019,"en:Văn Miếu - Quốc Tử Giám, Hanoi"
Hanoi,OSM,karitop,Tourism,The National Convention Center of Vietnam,越南国家会议中心,https://batpad.github.io/quick-geocode/?name=The%20National%20Convention%20Center%20of%20Vietnam&city=Hanoi,"https://www.google.com/maps/search/The+National+Convention+Center+of+Vietnam,+Hanoi/",node,534907063,,#N/A,overpass,,,,,,en:Vietnam National Convention Center
Istanbul,OSM,arun,Hotel,Hilton Istanbul Bosphorus,希尔顿伊斯坦布尔酒店,https://batpad.github.io/quick-geocode/?name=Hilton%20Istanbul%20Bosphorus&city=Istanbul,"https://www.google.com/maps/search/Hilton+Istanbul+Bosphorus,+Istanbul/",way,26970154,,#N/A,quick-geocode,,,,,,en:Hilton Istanbul Bosphorus
Istanbul,OSM,Bharata,Restaurant,Seasons Restaurant,四季餐厅,https://batpad.github.io/quick-geocode/?name=Seasons%20Restaurant&city=Istanbul,"https://www.google.com/maps/search/Seasons+Restaurant,+Istanbul/",way,164590120,"https://www.google.co.in/maps/place/Seasons+Restaurant/@41.0066043,28.980134,21z/data=!4m13!1m7!3m6!1s0x14cab9bc45ca8d25:0x176035b2e8fc74c9!2sSeasons+Restaurant!3b1!8m2!3d41.0066174!4d28.9802251!3m4!1s0x14cab9bc45ca8d25:0x176035b2e8fc74c9!8m2!3d41.0066174!4d28.9802251",http://www.openstreetmap.org/?mlat=41.0066174&mlon=28.9802251!3m4!1s0x14cab9bc45ca8d25:0x176035b2e8fc74c9!8m2!/?mlat=41.0066174&mlon=28.9802251!3m4!1s0x14cab9bc45ca8d25:0x176035b2e8fc74c9!8m2!/?mlat=41.0066174&mlon=28.9802251#map=18/41.0066043/28.980134&layers=D,google,,,,,,tr:Sultanahmet Cezaevi
Istanbul,OSM,abhishek,Shopping,Haseki Hamam Carpet & Kilim Sales Store,Haseki地毯店,https://batpad.github.io/quick-geocode/?name=Haseki%20Hamam%20Carpet%20&%20Kilim%20Sales%20Store&city=Istanbul,"https://www.google.com/maps/search/Haseki+Hamam+Carpet+&+Kilim+Sales+Store,+Istanbul/",way,151790453,,#N/A,google,,,,Googgle  to OSM,,tr:Haseki Hamamı
Istanbul,OSM,abhishek,Tourism,Anniversary of Atatürk's Death,土耳其之父---阿塔图尔卡逝世周年纪念,https://batpad.github.io/quick-geocode/?name=Anniversary%20of%20Atatürk's%20Death&city=Istanbul,"https://www.google.com/maps/search/Anniversary+of+Atatürk's+Death,+Istanbul/",node,34668145,,#N/A,osm-nominatim,,,Anıtkabir,,,tr:Anıtkabir
Istanbul,OSM,arun,Tourism,Arena,竞技场,https://batpad.github.io/quick-geocode/?name=Arena&city=Istanbul,"https://www.google.com/maps/search/Arena,+Istanbul/",way,342828509,,#N/A,quick-geocode,,,,,,en:Türk Telekom Arena
Istanbul,OSM,arun,Tourism,Ayasofya Hurrem Sultan Hamam,圣索菲亚许蕾姆苏丹土耳其浴,https://batpad.github.io/quick-geocode/?name=Ayasofya%20Hurrem%20Sultan%20Hamam&city=Istanbul,"https://www.google.com/maps/search/Ayasofya+Hurrem+Sultan+Hamam,+Istanbul/",way,151790453,,#N/A,quick-geocode,,,,,,tr:Haseki Hamamı
Istanbul,OSM,ramya,Tourism,Basilica Cistern,地下水宫,https://batpad.github.io/quick-geocode/?name=Basilica%20Cistern&city=Istanbul,"https://www.google.com/maps/search/Basilica+Cistern,+Istanbul/",way,180546853,,#N/A,quick-geocode,,,,,,tr:Yerebatan Sarnıcı
Istanbul,OSM,jothi,Tourism,Baths of Lady Hürrem,克赛拉娜浴室,https://batpad.github.io/quick-geocode/?name=Baths%20of%20Lady%20Hürrem&city=Istanbul,"https://www.google.com/maps/search/Baths+of+Lady+Hürrem,+Istanbul/",way,151790453,,#N/A,,,,,,,tr:Haseki Hamamı
Istanbul,OSM,arun,Tourism,Beyazit Mosque,巴耶塞特二世清真寺,https://batpad.github.io/quick-geocode/?name=Beyazit%20Mosque&city=Istanbul,"https://www.google.com/maps/search/Beyazit+Mosque,+Istanbul/",relation,4429647,,#N/A,overpass,,,,,,en:Bayezid II Mosque
Istanbul,OSM,jothi,Tourism,Egyptian Bazaar,埃及市场,https://batpad.github.io/quick-geocode/?name=Egyptian%20Bazaar&city=Istanbul,"https://www.google.com/maps/search/Egyptian+Bazaar,+Istanbul/",way,24234971,,#N/A,osm-nominatim,,,Egyptian (Spice) Bazaar,Name is different,,tr:Mısır Çarşısı
Istanbul,OSM,jothi,Tourism,Grand Bazaar,大巴扎市场,https://batpad.github.io/quick-geocode/?name=Grand%20Bazaar&city=Istanbul,"https://www.google.com/maps/search/Grand+Bazaar,+Istanbul/",way,303807317,"https://www.google.co.in/maps/place/Grand+Bazaar/@41.0106883,28.9680179,21z/data=!4m12!1m6!3m5!1s0x14cab99162d70527:0x64c8680b5ac198ab!2sGrand+Bazaar!8m2!3d41.0106848!4d28.9680681!3m4!1s0x14cab99162d70527:0x64c8680b5ac198ab!8m2!3d41.0106848!4d28.9680681",http://www.openstreetmap.org/?mlat=41.0106848&mlon=28.9680681!3m4!1s0x14cab99162d70527:0x64c8680b5ac198ab!8m2!/?mlat=41.0106848&mlon=28.9680681!3m4!1s0x14cab99162d70527:0x64c8680b5ac198ab!8m2!/?mlat=41.0106848&mlon=28.9680681#map=18/41.0106883/28.9680179&layers=D,osm-nominatim,28.96809033,41.0106868,,,Q505954,"en:Grand Bazaar, Istanbul"
Istanbul,OSM,ramya,Tourism,Hagia Sophia Museum,圣索非亚大教堂,https://batpad.github.io/quick-geocode/?name=Hagia%20Sophia%20Museum&city=Istanbul,"https://www.google.com/maps/search/Hagia+Sophia+Museum,+Istanbul/",way,109862851,,#N/A,quick-geocode,,,,,,tr:Ayasofya
Istanbul,OSM,jothi,Tourism,Istanbul Archaeological Museum,伊斯坦布尔考古博物馆,https://batpad.github.io/quick-geocode/?name=Istanbul%20Archaeological%20Museum&city=Istanbul,"https://www.google.com/maps/search/Istanbul+Archaeological+Museum,+Istanbul/",way,335374188,Q636978,#N/A,google,,,,,,tr:İstanbul Arkeoloji Müzeleri
Istanbul,OSM,ramya,Tourism,Nuruosmaniye Mosque,奴鲁奥斯玛尼耶清真寺,https://batpad.github.io/quick-geocode/?name=Nuruosmaniye%20Mosque&city=Istanbul,"https://www.google.com/maps/search/Nuruosmaniye+Mosque,+Istanbul/",way,111002484,,#N/A,quick-geocode,,,,,,en:Nuruosmaniye Mosque
Istanbul,OSM,arun,Tourism,Prince Islands,王子群岛,https://batpad.github.io/quick-geocode/?name=Prince%20Islands&city=Istanbul,"https://www.google.com/maps/search/Prince+Islands,+Istanbul/",relation,963209,"https://www.google.com/maps/place/Prince+Islands%2Fİstanbul,+Turkey/@40.8620569,29.1002534,13z/data=!3m1!4b1!4m5!3m4!1s0x14cac1836fcd740b:0x53b57c91c4d72968!8m2!3d40.8740929!4d29.0898721",http://www.openstreetmap.org/?mlat=40.8740929&mlon=72968!8m2!/?mlat=40.8740929&mlon=29.0898721#map=18/40.8620569/29.1002534&layers=D,,,,,,,tr:Prens Adaları
Istanbul,OSM,abhishek,Tourism,Tomb of Sultan Ahmet I,苏丹艾哈迈德墓一号,https://batpad.github.io/quick-geocode/?name=Tomb%20of%20Sultan%20Ahmet%20I&city=Istanbul,"https://www.google.com/maps/search/Tomb+of+Sultan+Ahmet+I,+Istanbul/",node,4146432391,,#N/A,osm-nominatim,,,Sultanahmet Camii,,,en:Sultan Ahmed Mosque
Jeju,OSM,ramya,Tourism,Halla University,汉拿大学,https://batpad.github.io/quick-geocode/?name=Halla%20University&city=Jeju,"https://www.google.com/maps/search/Halla+University,+Jeju/",way,370302697,,#N/A,quick-geocode,,,,,,ko:한라대학교
Jeju,OSM,Abhishek,Tourism,Jeju National University,济州大学,https://batpad.github.io/quick-geocode/?name=Jeju%20National%20University&city=Jeju,"https://www.google.com/maps/search/Jeju+National+University,+Jeju/",way,369809434,,#N/A,quick-geocode,,,,,,ko:제주대학교
Jeju,OSM,Abhishek,Tourism,Yongdusan,龙头岩,https://batpad.github.io/quick-geocode/?name=Yongdusan&city=Jeju,"https://www.google.com/maps/search/Yongdusan,+Jeju/",way,382696295,"https://www.google.com.pe/maps/place/Yongdusan+Park/@35.1003785,129.0321587,18.75z/data=!4m5!3m4!1s0x3568e90b3617c897:0xbe1730484bbfa93f!8m2!3d35.1006536!4d129.0326226?hl=en",http://www.openstreetmap.org/?mlat=35.1006536&mlon=129.0326226?hl=en#map=18/35.1003785/129.0321587&layers=D,google,,,,,,en:Yongdusan Park
Kuala Lumpur,OSM,piligab,Shopping,Berjaya Times Square,时代广场,https://batpad.github.io/quick-geocode/?name=Berjaya%20Times%20Square&city=Kuala%20Lumpur,"https://www.google.com/maps/search/Berjaya+Times+Square,+Kuala+Lumpur/",way,190885802,,#N/A,overpass,101.7106611,3.1422286,,,,en:Berjaya Times Square
Kuala Lumpur,OSM,piligab,Shopping,Pavilion KL,吉隆坡购物中心,https://batpad.github.io/quick-geocode/?name=Pavilion%20KL&city=Kuala%20Lumpur,"https://www.google.com/maps/search/Pavilion+KL,+Kuala+Lumpur/",way,28271276,,#N/A,google,,,,,,en:Pavilion Kuala Lumpur
Kuala Lumpur,OSM,piligab,Shopping,SURIA KLCC,阳光广场,https://batpad.github.io/quick-geocode/?name=SURIA%20KLCC&city=Kuala%20Lumpur,"https://www.google.com/maps/search/SURIA+KLCC,+Kuala+Lumpur/",way,23034336,,#N/A,overpass,101.7121988,3.1573747,,,,en:Suria KLCC
Kuala Lumpur,OSM,danny,Tourism,Batu Caves,黑风洞,https://batpad.github.io/quick-geocode/?name=Batu%20Caves&city=Kuala%20Lumpur,"https://www.google.com/maps/search/Batu+Caves,+Kuala+Lumpur/",node,1686561043,,#N/A,google,,,,,Q687629,en:Batu Caves
Kuala Lumpur,OSM,danny,Tourism,Menara Telekom,马来西亚电讯大厦,https://batpad.github.io/quick-geocode/?name=Menara%20Telekom&city=Kuala%20Lumpur,"https://www.google.com/maps/search/Menara+Telekom,+Kuala+Lumpur/",way,154443873,,#N/A,overpass,101.6657581,3.1161923,,,Q118214,
Kuala Lumpur,OSM,danny,Tourism,National Archives of Malaysia,马来西亚国家档案馆,https://batpad.github.io/quick-geocode/?name=National%20Archives%20of%20Malaysia&city=Kuala%20Lumpur,"https://www.google.com/maps/search/National+Archives+of+Malaysia,+Kuala+Lumpur/",way,323394984,"https://www.google.com/maps/place/National+Museum+of+Malaysia/@3.157507,101.6816228,14z/data=!4m8!1m2!2m1!1sNational+Archives+of+Malaysia,+Kuala+Lumpur!3m4!1s0x0:0x7a53ea764838b90b!8m2!3d3.1379558!4d101.6871142",http://www.openstreetmap.org/?mlat=3.1379558&mlon=101.6871142#map=18/3.157507/101.6816228&layers=D14z/data=!4m8!1m2!2m1!1sNational+Archives+of+Malaysia&layers=D,google,,,,,Q917630,en:National Museum (Malaysia)
Kuala Lumpur,OSM,danny,Tourism,National Art Gallery,马来西亚国家美术馆,https://batpad.github.io/quick-geocode/?name=National%20Art%20Gallery&city=Kuala%20Lumpur,"https://www.google.com/maps/search/National+Art+Gallery,+Kuala+Lumpur/",way,428954061,,#N/A,google,,,,,,en:National Visual Arts Gallery (Malaysia)
Kuala Lumpur,OSM,danny,Tourism,National Mosque,国家清真寺,https://batpad.github.io/quick-geocode/?name=National%20Mosque&city=Kuala%20Lumpur,"https://www.google.com/maps/search/National+Mosque,+Kuala+Lumpur/",way,23768627,,#N/A,overpass,101.6916529,3.1419833,,,,en:National Mosque of Malaysia
Kuala Lumpur,OSM,danny,Tourism,National Planetarium,马来西亚国家天文馆,https://batpad.github.io/quick-geocode/?name=National%20Planetarium&city=Kuala%20Lumpur,"https://www.google.com/maps/search/National+Planetarium,+Kuala+Lumpur/",way,148960134,,#N/A,overpass,101.6890873,3.1395059,,,Q924297,en:Planetarium Negara
Kuala Lumpur,OSM,danny,Tourism,Royal Malaysia Police Museum,马来西亚皇家警察博物馆,https://batpad.github.io/quick-geocode/?name=Royal%20Malaysia%20Police%20Museum&city=Kuala%20Lumpur,"https://www.google.com/maps/search/Royal+Malaysia+Police+Museum,+Kuala+Lumpur/",node,4329258589,,#N/A,overpass,101.6889136,3.1409386,,,Q3015254,en:Royal Malaysian Police Museum
Kuala Lumpur,OSM,danny,Tourism,St Mary church,圣玛丽教堂,https://batpad.github.io/quick-geocode/?name=St%20Mary%20church&city=Kuala%20Lumpur,"https://www.google.com/maps/search/St+Mary+church,+Kuala+Lumpur/",way,376490832,,#N/A,google,,,,,,"en:St. Mary's Cathedral, Kuala Lumpur"
Kyoto,OSM,ramya,Tourism,Kinkaku-ji,金阁寺,https://batpad.github.io/quick-geocode/?name=Kinkaku-ji&city=Kyoto,"https://www.google.com/maps/search/Kinkaku-ji,+Kyoto/",way,98115917,,#N/A,quick-geocode,,,,,,ja:鹿苑寺
Kyoto,OSM,ramya,Tourism,Kiyomizu-dera Temple,清水寺,https://batpad.github.io/quick-geocode/?name=Kiyomizu-dera%20Temple&city=Kyoto,"https://www.google.com/maps/search/Kiyomizu-dera+Temple,+Kyoto/",way,336641107,,#N/A,quick-geocode,,,,,,ja:清水寺
Kyoto,OSM,ramya,Tourism,Nara Prefectural Museum of Art,奈良县立美术馆,https://batpad.github.io/quick-geocode/?name=Nara%20Prefectural%20Museum%20of%20Art&city=Kyoto,"https://www.google.com/maps/search/Nara+Prefectural+Museum+of+Art,+Kyoto/",way,127496799,,#N/A,osm-nominatim,,,,,,ja:奈良県立美術館
Kyoto,OSM,ramya,Tourism,Nijō Castle,二条城,https://batpad.github.io/quick-geocode/?name=Nijō%20Castle&city=Kyoto,"https://www.google.com/maps/search/Nijō+Castle,+Kyoto/",way,57111281,"https://www.google.co.in/maps/place/Nij%C5%8D+Castle/@35.0142318,135.7468758,17.84z/data=!4m5!3m4!1s0x600107d40a2b9b0b:0x106b8759906a2f2f!8m2!3d35.0142299!4d135.748218",http://www.openstreetmap.org/?mlat=35.0142299&mlon=135.748218#map=18/35.0142318/135.7468758&layers=D,quick-geocode,,,,,,ja:二条城
Kyoto,OSM,RichRico,Tourism,Okazaki Park,冈崎公园,https://batpad.github.io/quick-geocode/?name=Okazaki%20Park&city=Kyoto,"https://www.google.com/maps/search/Okazaki+Park,+Kyoto/",way,432843532,,#N/A,overpass,,,,,,ja:岡崎公園 (京都市)
Kyoto,OSM,ramya,Tourism,Umekōji Steam Locomotive Museum,梅小路蒸汽火车纪念馆,https://batpad.github.io/quick-geocode/?name=Umekōji%20Steam%20Locomotive%20Museum&city=Kyoto,"https://www.google.com/maps/search/Umekōji+Steam+Locomotive+Museum,+Kyoto/",node,1422966367,"https://www.google.com.pe/maps/place/Kyoto+Railway+Museum/@34.9869535,135.74218,18.67z/data=!4m5!3m4!1s0x6001061746adc243:0x899ffa889ace79ed!8m2!3d34.9869656!4d135.7428432",http://www.openstreetmap.org/?mlat=34.9869656&mlon=135.7428432#map=18/34.9869535/135.74218&layers=D,google,,,,,,ja:梅小路蒸気機関車館
London,OSM,,Hotel,Rosewood London,伦敦大法官法院酒店,https://batpad.github.io/quick-geocode/?name=Rosewood%20London&city=London,"https://www.google.com/maps/search/Rosewood+London,+London/",relation,1967702,,#N/A,,-0.117545480985641,51.5172882368011,Rosewood London,,,en:Rosewood London Hotel
London,OSM,,Hotel,Strand Palace Hotel,斯特兰德宫酒店,https://batpad.github.io/quick-geocode/?name=Strand%20Palace%20Hotel&city=London,"https://www.google.com/maps/search/Strand+Palace+Hotel,+London/",node,603137904,,#N/A,,-0.120169541519880,51.5110011119531,Strand Palace Hotel,,,en:Strand Palace Hotel
London,OSM,,Restaurant,Borough Market,博罗市场,https://batpad.github.io/quick-geocode/?name=Borough%20Market&city=London,"https://www.google.com/maps/search/Borough+Market,+London/",way,24282400,,#N/A,,-0.09053715,51.50548836,Borough Market,,,en:Borough Market
London,OSM,,Shopping,Columbia Road Flower Market,哥伦比亚路鲜花市场,https://batpad.github.io/quick-geocode/?name=Columbia%20Road%20Flower%20Market&city=London,"https://www.google.com/maps/search/Columbia+Road+Flower+Market,+London/",way,350349593,,#N/A,,-0.0696046,51.52920396,Columbia Road Flower Market,,,en:Columbia Road Flower Market
London,OSM,,Shopping,Harrods,哈罗德百货,https://batpad.github.io/quick-geocode/?name=Harrods&city=London,"https://www.google.com/maps/search/Harrods,+London/",way,25739565,,#N/A,,-0.1624962355,51.49942398,Harrods,,Q332474,en:Harrods
London,OSM,,Shopping,Selfridges,塞尔福里奇百货,https://batpad.github.io/quick-geocode/?name=Selfridges&city=London,"https://www.google.com/maps/search/Selfridges,+London/",way,39814415,,#N/A,,-0.1528339,51.5146856,Selfridges,,,en:Selfridges
London,OSM,,Tourism,Big Ben,大本钟,https://batpad.github.io/quick-geocode/?name=Big%20Ben&city=London,"https://www.google.com/maps/search/Big+Ben,+London/",node,1802652184,,#N/A,,-0.124390992086976,51.5007313501467,Big Ben,,,en:Big Ben
London,OSM,,Tourism,British Museum,大英博物馆,https://batpad.github.io/quick-geocode/?name=British%20Museum&city=London,"https://www.google.com/maps/search/British+Museum,+London/",relation,177044,,#N/A,,-0.126183849039077,51.5193270002165,British Museum,it's a relation,Q6373,en:British Museum
London,OSM,,Tourism,Buckingham Palace,白金汉宫,https://batpad.github.io/quick-geocode/?name=Buckingham%20Palace&city=London,"https://www.google.com/maps/search/Buckingham+Palace,+London/",relation,5208404,,#N/A,,-0.142536763806343,51.5009750704899,Buckingham Palace,it's a relation,Q42182,en:Buckingham Palace
London,OSM,,Tourism,Cenotaph,和平纪念碑,https://batpad.github.io/quick-geocode/?name=Cenotaph&city=London,"https://www.google.com/maps/search/Cenotaph,+London/",node,59598355,,#N/A,,-0.125848074903488,51.5026600072235,Cenotaph,"the full name is ""the Cenotaph""",,"en:Cenotaph#The Cenotaph, London"
London,OSM,,Tourism,Eltham Palace,艾尔森宫,https://batpad.github.io/quick-geocode/?name=Eltham%20Palace&city=London,"https://www.google.com/maps/search/Eltham+Palace,+London/",way,17110975,,#N/A,,0.048379387731552,51.4469079763005,Eltham Palace,,,en:Eltham Palace
London,OSM,,Tourism,Fashion & Textile Museum,时装及纺织品博物馆,https://batpad.github.io/quick-geocode/?name=Fashion%20&%20Textile%20Museum&city=London,"https://www.google.com/maps/search/Fashion+&+Textile+Museum,+London/",way,101154182,,#N/A,"fb, google map, wego.here",-0.081632914767265,51.5012193166046,Fashion & Textile Museum,,,en:Fashion and Textile Museum
London,OSM,,Tourism,London Eye,伦敦眼,https://batpad.github.io/quick-geocode/?name=London%20Eye&city=London,"https://www.google.com/maps/search/London+Eye,+London/",way,204068874,,#N/A,,-0.119478192625045,51.5032315362804,London Eye,,,en:London Eye
London,OSM,,Tourism,Lord's Cricket Ground,罗德板球场,https://batpad.github.io/quick-geocode/?name=Lord's%20Cricket%20Ground&city=London,"https://www.google.com/maps/search/Lord's+Cricket+Ground,+London/",way,19790006,,#N/A,,-0.171521136822700,51.5298467737657,Lord's Cricket Ground,,Q331613,en:Lord's Cricket Ground
London,OSM,,Tourism,Mansion House,伦敦市长官邸,https://batpad.github.io/quick-geocode/?name=Mansion%20House&city=London,"https://www.google.com/maps/search/Mansion+House,+London/",way,33695114,,#N/A,,-0.089440786542892,51.5130350575040,Mansion House,,,"en:Mansion House, London"
London,OSM,,Tourism,National Gallery,国家美术馆,https://batpad.github.io/quick-geocode/?name=National%20Gallery&city=London,"https://www.google.com/maps/search/National+Gallery,+London/",way,4372002,,#N/A,,-0.128225657567977,51.5089151297332,National Gallery,,Q180788,en:National Gallery
London,OSM,,Tourism,Old Operating Theatre Museum & Herb Garret,旧手术室博物馆,https://batpad.github.io/quick-geocode/?name=Old%20Operating%20Theatre%20Museum%20&%20Herb%20Garret&city=London,"https://www.google.com/maps/search/Old+Operating+Theatre+Museum+&+Herb+Garret,+London/",way,90404358,,#N/A,,-0.088388410756588,51.5049598353751,Old Operating Theatre Museum,,,en:Old Operating Theatre Museum and Herb Garret
London,OSM,,Tourism,Queen's Gallery,皇后美术馆,https://batpad.github.io/quick-geocode/?name=Queen's%20Gallery&city=London,"https://www.google.com/maps/search/Queen's+Gallery,+London/",node,1289223308,,#N/A,,-0.142424570084810,51.4997762870225,Queen's Gallery,,,en:Queen\'s Gallery
London,OSM,,Tourism,Royal Observatory Greenwich,格林威治天文台,https://batpad.github.io/quick-geocode/?name=Royal%20Observatory%20Greenwich&city=London,"https://www.google.com/maps/search/Royal+Observatory+Greenwich,+London/",way,268533448,,#N/A,,-8.82857637405395,51.4776582448283,Royal Observatory Greenwich,,,"en:Royal Observatory, Greenwich"
London,OSM,,Tourism,Samuel Johnson's House,约翰逊博士故居,https://batpad.github.io/quick-geocode/?name=Samuel%20Johnson's%20House&city=London,"https://www.google.com/maps/search/Samuel+Johnson's+House,+London/",way,43706245,,#N/A,,-0.108067855618000,51.5149896349141,Samuel Johnson's House,"name in osm ""Dr Johnson's House""",,en:Dr Johnson's House
London,OSM,,Tourism,Southwark Cathedral,萨瑟克大教堂,https://batpad.github.io/quick-geocode/?name=Southwark%20Cathedral&city=London,"https://www.google.com/maps/search/Southwark+Cathedral,+London/",way,26183417,,#N/A,,-0.089608163194656,51.5060098546278,Southwark Cathedral,,,en:Southwark Cathedral
London,OSM,,Tourism,Tate Modern,泰德现代博物馆,https://batpad.github.io/quick-geocode/?name=Tate%20Modern&city=London,"https://www.google.com/maps/search/Tate+Modern,+London/",way,24642569,,#N/A,,-0.099591485948563,51.5076266681908,Tate Modern,,,en:Tate Modern
London,OSM,,Tourism,The Central Criminal Court ( Old Bailey ),中央刑事法院(老贝利),https://batpad.github.io/quick-geocode/?name=The%20Central%20Criminal%20Court%20(%20Old%20Bailey%20)&city=London,"https://www.google.com/maps/search/The+Central+Criminal+Court+(+Old+Bailey+),+London/",way,26183027,,#N/A,,-0.101348862600326,51.5154399923325,The Central Criminal Court,,,en:Old Bailey
London,OSM,,Tourism,The UK Supreme Court,英国最高法院,https://batpad.github.io/quick-geocode/?name=The%20UK%20Supreme%20Court&city=London,"https://www.google.com/maps/search/The+UK+Supreme+Court,+London/",way,39811548,,#N/A,,-0.127865932829380,51.5004063778275,The UK Supreme Court,,,en:Supreme Court of the United Kingdom
London,OSM,,Tourism,Tower Bridge,伦敦塔桥,https://batpad.github.io/quick-geocode/?name=Tower%20Bridge&city=London,"https://www.google.com/maps/search/Tower+Bridge,+London/",node,1289196167,,#N/A,,-0.0749865517342091,51.5054685599846,Tower Bridge,,,en:Tower Bridge
London,OSM,,Tourism,Velodrome,奥林匹克公园自行车馆,https://batpad.github.io/quick-geocode/?name=Velodrome&city=London,"https://www.google.com/maps/search/Velodrome,+London/",way,104341570,,#N/A,,-0.015558476126862,51.5505415867206,Velodrome,esta con nombre alternativo,,en:London Velopark
London,OSM,,Tourism,Wembley Stadium,温布利体育场,https://batpad.github.io/quick-geocode/?name=Wembley%20Stadium&city=London,"https://www.google.com/maps/search/Wembley+Stadium,+London/",way,116587436,,#N/A,,-0.279058484621048,51.5559382514818,Wembley Stadium,,,en:Wembley Stadium
London,OSM,,Tourism,Westminster Abbey,威斯敏斯特大教堂,https://batpad.github.io/quick-geocode/?name=Westminster%20Abbey&city=London,"https://www.google.com/maps/search/Westminster+Abbey,+London/",way,364313092,,#N/A,,-0.127488862023353,51.4993117138442,Westminster Abbey,,Q5933,en:Westminster Abbey
Los Angeles,OSM,danny,Shopping,Barneys New York,巴尼斯纽约精品店,https://batpad.github.io/quick-geocode/?name=Barneys%20New%20York&city=Los%20Angeles,"https://www.google.com/maps/search/Barneys+New+York,+Los+Angeles/",way,423517415,,#N/A,overpass,,,,,,en:Barneys New York
Los Angeles,OSM,danny,Tourism,Beverly Hills,比弗利山,https://batpad.github.io/quick-geocode/?name=Beverly%20Hills&city=Los%20Angeles,"https://www.google.com/maps/search/Beverly+Hills,+Los+Angeles/",relation,3503615,,#N/A,quick-geocode,,,,,Q127856,
Los Angeles,OSM,danny,Tourism,Big Bear Lake,大熊湖,https://batpad.github.io/quick-geocode/?name=Big%20Bear%20Lake&city=Los%20Angeles,"https://www.google.com/maps/search/Big+Bear+Lake,+Los+Angeles/",relation,4045674,,#N/A,osm-nominatim,,,,,,en:Big Bear Lake
Los Angeles,OSM,danny,Tourism,Bradbury Building,布拉德伯里大厦,https://batpad.github.io/quick-geocode/?name=Bradbury%20Building&city=Los%20Angeles,"https://www.google.com/maps/search/Bradbury+Building,+Los+Angeles/",way,427942768,,#N/A,overpass,,,,,,en:Bradbury Building
Los Angeles,OSM,danny,Tourism,Catalina Island,卡特琳娜岛,https://batpad.github.io/quick-geocode/?name=Catalina%20Island&city=Los%20Angeles,"https://www.google.com/maps/search/Catalina+Island,+Los+Angeles/",relation,6169475,,#N/A,osm-nominatim,,,,,Q845229,"en:Santa Catalina Island, California"
Los Angeles,OSM,danny,Tourism,Dolby Theatre,杜比剧院,https://batpad.github.io/quick-geocode/?name=Dolby%20Theatre&city=Los%20Angeles,"https://www.google.com/maps/search/Dolby+Theatre,+Los+Angeles/",way,151485233,,#N/A,overpass,,,,,,en:Dolby Theatre
Los Angeles,OSM,danny,Tourism,Getty Center,盖帝艺术中心,https://batpad.github.io/quick-geocode/?name=Getty%20Center&city=Los%20Angeles,"https://www.google.com/maps/search/Getty+Center,+Los+Angeles/",way,121178631,,#N/A,google,,,,,,en:J. Paul Getty Museum
Los Angeles,OSM,danny,Tourism,Hollywood,好莱坞,https://batpad.github.io/quick-geocode/?name=Hollywood&city=Los%20Angeles,"https://www.google.com/maps/search/Hollywood,+Los+Angeles/",node,1830231415,,#N/A,quick-geocode,,,,,,en:Hollywood
Los Angeles,OSM,danny,Tourism,Joshua Tree National Park,约书亚树国家公园,https://batpad.github.io/quick-geocode/?name=Joshua%20Tree%20National%20Park&city=Los%20Angeles,"https://www.google.com/maps/search/Joshua+Tree+National+Park,+Los+Angeles/",relation,6145614,,#N/A,osm-nominatim,,,,,Q735202,en:Joshua Tree National Park
Los Angeles,OSM,danny,Tourism,Knott's Berry Farm,诺氏果园,https://batpad.github.io/quick-geocode/?name=Knott's%20Berry%20Farm&city=Los%20Angeles,"https://www.google.com/maps/search/Knott's+Berry+Farm,+Los+Angeles/",way,329124286,"https://www.google.com/maps/place/Knott's+Berry+Farm/@33.842345,-117.9996606,17z/data=!4m8!1m2!2m1!1sKnott's+Berry+Farm,+Los+Angeles!3m4!1s0x0:0xae8e394e901e3055!8m2!3d33.844304!4d-118.000227",http://www.openstreetmap.org/?mlat=33.844304&mlon=-118.000227#map=18/33.842345/-117.9996606&layers=D17z/data=!4m8!1m2!2m1!1sKnott's+Berry+Farm&layers=D,quick-geocode,,,,,,en:Knott's Berry Farm
Los Angeles,OSM,danny,Tourism,Little Tokyo,小东京,https://batpad.github.io/quick-geocode/?name=Little%20Tokyo&city=Los%20Angeles,"https://www.google.com/maps/search/Little+Tokyo,+Los+Angeles/",node,150974026,,#N/A,quick-geocode,,,,,Q1780798,
Los Angeles,OSM,danny,Tourism,Long Beach,长滩,https://batpad.github.io/quick-geocode/?name=Long%20Beach&city=Los%20Angeles,"https://www.google.com/maps/search/Long+Beach,+Los+Angeles/",relation,112100,,#N/A,,,,,,,"en:Long Beach, California"
Los Angeles,OSM,danny,Tourism,Manhattan Beach,曼哈顿海滩,https://batpad.github.io/quick-geocode/?name=Manhattan%20Beach&city=Los%20Angeles,"https://www.google.com/maps/search/Manhattan+Beach,+Los+Angeles/",relation,2317589,,#N/A,,,,,,Q568610,"en:Manhattan Beach, California"
Los Angeles,OSM,danny,Tourism,TCL Chinese Theatre,中国大剧院,https://batpad.github.io/quick-geocode/?name=TCL%20Chinese%20Theatre&city=Los%20Angeles,"https://www.google.com/maps/search/TCL+Chinese+Theatre,+Los+Angeles/",way,424105908,,#N/A,overpass,,,,,,en:TCL Chinese Theatre
Los Angeles,OSM,danny,Tourism,"University of California, Los Angeles (UCLA)",加利福尼亚大学洛杉矶分校,"https://batpad.github.io/quick-geocode/?name=University%20of%20California,%20Los%20Angeles%20(UCLA)&city=Los%20Angeles","https://www.google.com/maps/search/University+of+California,+Los+Angeles+(UCLA),+Los+Angeles/",way,24576816,,#N/A,overpass,,,,,,en:University of California Los Angeles
Los Angeles,OSM,danny,Tourism,Walt Disney Concert Hall,华特·迪士尼音乐厅,https://batpad.github.io/quick-geocode/?name=Walt%20Disney%20Concert%20Hall&city=Los%20Angeles,"https://www.google.com/maps/search/Walt+Disney+Concert+Hall,+Los+Angeles/",way,24907820,,#N/A,overpass,,,,,,en:Walt Disney Concert Hall
NYC,OSM,,Hotel,Hostelling International – New York,纽约国际青年旅舍,https://batpad.github.io/quick-geocode/?name=Hostelling%20International%20–%20New%20York&city=NYC,"https://www.google.com/maps/search/Hostelling+International+–+New+York,+NYC/",way,271184934,,#N/A,googlemaps,-73.9665015,40.79865779,Hostelling International,,Q4809305,en:Association Residence Nursing Home
NYC,OSM,,Hotel,Millenium Hilton,纽约希尔顿千禧酒店,https://batpad.github.io/quick-geocode/?name=Millenium%20Hilton&city=NYC,"https://www.google.com/maps/search/Millenium+Hilton,+NYC/",way,278039445,,#N/A,,-74.01036814,40.71116775,Millenium Hilton,,,en:Millenium Hilton Hotel
NYC,OSM,,Restaurant,Daniel,丹尼尔,https://batpad.github.io/quick-geocode/?name=Daniel&city=NYC,"https://www.google.com/maps/search/Daniel,+NYC/",node,2723661031,,#N/A,,-73.96778299,40.76680201,Daniel,,,en:Daniel (restaurant)
NYC,OSM,,Restaurant,Eleven Madison Park,麦迪逊公园十一号,https://batpad.github.io/quick-geocode/?name=Eleven%20Madison%20Park&city=NYC,"https://www.google.com/maps/search/Eleven+Madison+Park,+NYC/",node,3932353662,,#N/A,,-73.98720649,40.74158197,Eleven Madison Park,,,en:Le Bernardin
NYC,OSM,,Restaurant,Veselka,Veselka餐厅,https://batpad.github.io/quick-geocode/?name=Veselka&city=NYC,"https://www.google.com/maps/search/Veselka,+NYC/",way,241822210,,#N/A,,-73.9869595,40.7289371,Veselka,,Q7923183,en:Veselka
NYC,OSM,,Shopping,B&H Photo-Video,B&H照相摄影,https://batpad.github.io/quick-geocode/?name=B&H%20Photo-Video&city=NYC,"https://www.google.com/maps/search/B&H+Photo-Video,+NYC/",node,1297648535,,#N/A,,-73.9961487,40.75319436,B&H Photo,,,en:B&H Photo Video
NYC,OSM,,Shopping,Bloomingdale's Home,布鲁明戴尔百货店,https://batpad.github.io/quick-geocode/?name=Bloomingdale's%20Home&city=NYC,"https://www.google.com/maps/search/Bloomingdale's+Home,+NYC/",way,266217086,,#N/A,googlemaps,-73.9666392,40.76216688,Bloomingdale's,,Q283383,en:Bloomingdale's
NYC,OSM,,Shopping,Fifth Avenue,第五大道,https://batpad.github.io/quick-geocode/?name=Fifth%20Avenue&city=NYC,"https://www.google.com/maps/search/Fifth+Avenue,+NYC/",way,195743336,,#N/A,,-73.97562911,40.76087036,Fifth Avenue,,Q109858,en:Fifth Avenue
NYC,OSM,,Shopping,Macy's,梅西百货,https://batpad.github.io/quick-geocode/?name=Macy's&city=NYC,"https://www.google.com/maps/search/Macy's,+NYC/",way,265302069,,#N/A,,-73.98916959,40.75097106,Macy's,,Q6725862,en:Macy's Herald Square
NYC,OSM,,Shopping,Saks Fifth Avenue,Saks百货,https://batpad.github.io/quick-geocode/?name=Saks%20Fifth%20Avenue&city=NYC,"https://www.google.com/maps/search/Saks+Fifth+Avenue,+NYC/",way,118116797,,#N/A,,-73.97689106,40.75806841,Saks Fifth Avenue,,Q2723882,en:Saks Fifth Avenue
NYC,OSM,,Shopping,Soho NewYork,纽约苏活（Soho）区,https://batpad.github.io/quick-geocode/?name=Soho%20NewYork&city=NYC,"https://www.google.com/maps/search/Soho+NewYork,+NYC/",node,158809984,,#N/A,,-73.99875084,40.72287341,Soho,,,en:SoHo
NYC,OSM,,Shopping,Tiffany & Co,蒂芙尼,https://batpad.github.io/quick-geocode/?name=Tiffany%20&%20Co&city=NYC,"https://www.google.com/maps/search/Tiffany+&+Co,+NYC/",way,265345382,,#N/A,,-73.97378399,40.76257591,Tiffany & Co,,Q1066858,en:Tiffany & Co.
NYC,OSM,,Shopping,Time Warner Center,时代华纳中心,https://batpad.github.io/quick-geocode/?name=Time%20Warner%20Center&city=NYC,"https://www.google.com/maps/search/Time+Warner+Center,+NYC/",way,167923911,,#N/A,,-73.98287114,40.76850368,Time Warner Center,,Q842578,en:Time Warner Center
NYC,OSM,,Tourism,Al Hirschfeld Theater,艾尔赫施菲德剧院,https://batpad.github.io/quick-geocode/?name=Al%20Hirschfeld%20Theater&city=NYC,"https://www.google.com/maps/search/Al+Hirschfeld+Theater,+NYC/",way,265320169,,#N/A,,-73.98934,40.75926,Al Hirschfeld Theater,,Q2829346,en:Al Hirschfeld Theatre
NYC,OSM,,Tourism,Broadway,百老汇,https://batpad.github.io/quick-geocode/?name=Broadway&city=NYC,"https://www.google.com/maps/search/Broadway,+NYC/",way,222299275,,#N/A,,-74.0121727,40.70783463,Broadway,,Q11260,en:Broadway (Manhattan)
NYC,OSM,,Tourism,Bronx Zoo,布朗克斯动物园,https://batpad.github.io/quick-geocode/?name=Bronx%20Zoo&city=NYC,"https://www.google.com/maps/search/Bronx+Zoo,+NYC/",way,38839347,,#N/A,,-73.8771695,40.8491573,Bronx Zoo,,Q739792,en:Bronx Zoo
NYC,OSM,,Tourism,Chelsea,雀儿喜,https://batpad.github.io/quick-geocode/?name=Chelsea&city=NYC,"https://www.google.com/maps/search/Chelsea,+NYC/",node,158869539,,#N/A,,-74.00233028,40.74649266,Chelsea,,Q1069129,
NYC,OSM,,Tourism,Discovery Times Square,发现时代广场,https://batpad.github.io/quick-geocode/?name=Discovery%20Times%20Square&city=NYC,"https://www.google.com/maps/search/Discovery+Times+Square,+NYC/",node,2717293825,,#N/A,,-73.98727076,40.75771885,Discovery Times Square,,,en:Discovery Times Square
NYC,OSM,,Tourism,Duffy Square,杜菲广场,https://batpad.github.io/quick-geocode/?name=Duffy%20Square&city=NYC,"https://www.google.com/maps/search/Duffy+Square,+NYC/",relation,4169781,,#N/A,,-73.9847463,40.75881651,Duffy Square,,Q901251,en:Duffy Square
NYC,OSM,,Tourism,Grace Church,恩典堂,https://batpad.github.io/quick-geocode/?name=Grace%20Church&city=NYC,"https://www.google.com/maps/search/Grace+Church,+NYC/",way,160947235,,#N/A,,-73.9909102,40.7319828,Grace Church,,Q3916756,en:Grace Church (Manhattan)
NYC,OSM,,Tourism,Grand Central Terminal,大中央车站,https://batpad.github.io/quick-geocode/?name=Grand%20Central%20Terminal&city=NYC,"https://www.google.com/maps/search/Grand+Central+Terminal,+NYC/",way,265947358,,#N/A,,-73.97727249,40.7527449,Grand Central Terminal,osm ,Q11290,en:Grand Central Terminal
NYC,OSM,,Tourism,"Intrepid Sea,Air & Space Museum",无畏号海空博物馆,"https://batpad.github.io/quick-geocode/?name=Intrepid%20Sea,Air%20&%20Space%20Museum&city=NYC","https://www.google.com/maps/search/Intrepid+Sea,Air+&+Space+Museum,+NYC/",way,265357846,,#N/A,,-73.99931544,40.76460624,Intrepid Sea Museum,,Q952270,"en:Intrepid Sea, Air & Space Museum"
NYC,OSM,,Tourism,Jacqueline Kennedy Onassis Reservoir,杰奎琳肯尼迪奥纳西斯水库,https://batpad.github.io/quick-geocode/?name=Jacqueline%20Kennedy%20Onassis%20Reservoir&city=NYC,"https://www.google.com/maps/search/Jacqueline+Kennedy+Onassis+Reservoir,+NYC/",way,6678417,,#N/A,,-73.962078,40.7854802,Jacqueline Kennedy Onassis Reservoir,,Q1190219,en:Jacqueline Kennedy Onassis Reservoir
NYC,OSM,,Tourism,Jewish Museum,犹太博物馆,https://batpad.github.io/quick-geocode/?name=Jewish%20Museum&city=NYC,"https://www.google.com/maps/search/Jewish+Museum,+NYC/",way,266940107,,#N/A,,-73.957186,40.7854051,Jewish Museum,,,en:Jewish Museum (New York)
NYC,OSM,,Tourism,Metropolitan Museum of Art,大都会艺术博物馆,https://batpad.github.io/quick-geocode/?name=Metropolitan%20Museum%20of%20Art&city=NYC,"https://www.google.com/maps/search/Metropolitan+Museum+of+Art,+NYC/",relation,3698894,,#N/A,,-73.96404774,40.77944136,Metropolitan Museum of Art,,Q160236,en:Metropolitan Museum of Art
NYC,OSM,,Tourism,New York Historical Society,纽约历史协会,https://batpad.github.io/quick-geocode/?name=New%20York%20Historical%20Society&city=NYC,"https://www.google.com/maps/search/New+York+Historical+Society,+NYC/",relation,3606825,,#N/A,,-73.97408982,40.77925047,New York Historical Society,,Q1059456,en:New-York Historical Society
NYC,OSM,,Tourism,Rose Center for Earth and Space,罗丝地球环境科学中心,https://batpad.github.io/quick-geocode/?name=Rose%20Center%20for%20Earth%20and%20Space&city=NYC,"https://www.google.com/maps/search/Rose+Center+for+Earth+and+Space,+NYC/",way,388436810,"https://www.google.com/maps/place/Rose+Center+for+Earth+%26+Space/@40.7815438,-73.9732431,17z/data=!3m1!4b1!4m5!3m4!1s0x89c2588fe8d6d0a3:0xb292c76c2ac848f1!8m2!3d40.7815438!4d-73.9732431",http://www.openstreetmap.org/?mlat=40.7815438&mlon=-73.9732431#map=18/40.7815438/-73.9732431&layers=D,,-73.9732729,40.7814411,Rose Center,,Q217717,en:American Museum of Natural History
NYC,OSM,,Tourism,Schomburg Center for Research in Black Culture,尚博格黑人文化研究中心,https://batpad.github.io/quick-geocode/?name=Schomburg%20Center%20for%20Research%20in%20Black%20Culture&city=NYC,"https://www.google.com/maps/search/Schomburg+Center+for+Research+in+Black+Culture,+NYC/",way,271825823,,#N/A,,-73.94024723,40.81439483,Schomburg Center,,Q1060566,en:Schomburg Center for Research in Black Culture
NYC,OSM,,Tourism,The Ziegfeld,齐格菲尔德,https://batpad.github.io/quick-geocode/?name=The%20Ziegfeld&city=NYC,"https://www.google.com/maps/search/The+Ziegfeld,+NYC/",node,2708133516,"https://www.google.com/maps/place/Bow+Tie+Cinemas+Ziegfeld+Theater/@40.7631786,-73.9798106,17z/data=!3m1!4b1!4m5!3m4!1s0x89c258f9b3b4fb55:0xe44d5fa3a6e019f2!8m2!3d40.7631786!4d-73.9798106",http://www.openstreetmap.org/?mlat=40.7631786&mlon=5fa3a6e019f2!8m2!/?mlat=40.7631786&mlon=-73.9798106#map=18/40.7631786/-73.9798106&layers=D,,-73.96742,40.76565,The Ziegfeld,aproximately here,,en:Ziegfeld Theatre
NYC,OSM,,Tourism,Washington Square Park,华盛顿广场公园,https://batpad.github.io/quick-geocode/?name=Washington%20Square%20Park&city=NYC,"https://www.google.com/maps/search/Washington+Square+Park,+NYC/",way,22899302,,#N/A,,-73.9975953,40.7308858,Washington Square Park,,Q909592,en:Washington Square Park
NYC,OSM,,Tourism,Whitney Museum of American Art,惠特尼美洲艺术博物馆,https://batpad.github.io/quick-geocode/?name=Whitney%20Museum%20of%20American%20Art&city=NYC,"https://www.google.com/maps/search/Whitney+Museum+of+American+Art,+NYC/",way,288749896,,#N/A,,-74.0088867,40.7396201,Whitney Museum,,Q639791,en:Whitney Museum of American Art
Osaka,OSM,Bharata,Shopping,Namba Parks,难波公园,https://batpad.github.io/quick-geocode/?name=Namba%20Parks&city=Osaka,"https://www.google.com/maps/search/Namba+Parks,+Osaka/",way,148650329,,#N/A,quick-geocode,,,,,,ja:なんばパークス
Osaka,OSM,Bharata,Shopping,Nipponbashi,日本桥（大阪）,https://batpad.github.io/quick-geocode/?name=Nipponbashi&city=Osaka,"https://www.google.com/maps/search/Nipponbashi,+Osaka/",node,538718325,,#N/A,quick-geocode,,,,,,ja:日本橋駅 (大阪府)
Osaka,OSM,Bharata,Tourism,Dotonbori,道顿堀,https://batpad.github.io/quick-geocode/?name=Dotonbori&city=Osaka,"https://www.google.com/maps/search/Dotonbori,+Osaka/",node,4029007869,"https://www.google.com/maps/place/Dotonbori/@34.6685498,135.5006876,18z/data=!4m8!1m2!2m1!1sDotonbori,+Osaka!3m4!1s0x0:0xb8bb1326b48ba590!8m2!3d34.6686071!4d135.5026731",http://www.openstreetmap.org/?mlat=34.6686071&mlon=135.5026731#map=18/34.6685498/135.5006876&layers=D18z/data=!4m8!1m2!2m1!1sDotonbori&layers=D,google,,,,,,ja:道頓堀
Osaka,OSM,Bharata,Tourism,Open-Air Museum of Old Japanese Farmhouses,日本民家集落博物馆,https://batpad.github.io/quick-geocode/?name=Open-Air%20Museum%20of%20Old%20Japanese%20Farmhouses&city=Osaka,"https://www.google.com/maps/search/Open-Air+Museum+of+Old+Japanese+Farmhouses,+Osaka/",node,1422999883,,#N/A,quick-geocode,,,,,,ja:日本民家集落博物館
Osaka,OSM,Bharata,Tourism,Osaka Prefectural Sayamaike Museum,狭山池博物馆,https://batpad.github.io/quick-geocode/?name=Osaka%20Prefectural%20Sayamaike%20Museum&city=Osaka,"https://www.google.com/maps/search/Osaka+Prefectural+Sayamaike+Museum,+Osaka/",way,127496799,,#N/A,quick-geocode,,,,,,ja:奈良県立美術館
Osaka,OSM,Bharata,Tourism,Osaka Shochikuza,大阪松竹座,https://batpad.github.io/quick-geocode/?name=Osaka%20Shochikuza&city=Osaka,"https://www.google.com/maps/search/Osaka+Shochikuza,+Osaka/",way,174740756,"https://www.google.com/maps/place/Osaka+Shochikuza/@34.6683966,135.5008409,17z/data=!3m1!4b1!4m5!3m4!1s0x6000e7139d7a3315:0xa4e7422c7b98e7a8!8m2!3d34.6683966!4d135.5008409",http://www.openstreetmap.org/?mlat=34.6683966&mlon=135.5008409#map=18/34.6683966/135.5008409&layers=D,google,,,,,,ja:大阪松竹座
Osaka,OSM,Bharata,Tourism,Shinsaibashi,心斋桥,https://batpad.github.io/quick-geocode/?name=Shinsaibashi&city=Osaka,"https://www.google.com/maps/search/Shinsaibashi,+Osaka/",node,534133907,,#N/A,quick-geocode,,,,,,ja:心斎橋駅
Osaka,OSM,Bharata,Tourism,Tenma Bridge,天满桥,https://batpad.github.io/quick-geocode/?name=Tenma%20Bridge&city=Osaka,"https://www.google.com/maps/search/Tenma+Bridge,+Osaka/",node,3980099245,,#N/A,quick-geocode,,,,,,ja:天満橋駅
Osaka,OSM,,Tourism,Tennoji Park,天王寺公园,https://batpad.github.io/quick-geocode/?name=Tennoji%20Park&city=Osaka,"https://www.google.com/maps/search/Tennoji+Park,+Osaka/",way,170693374,,#N/A,overpass,,,,,,ja:天王寺公園
Osaka,OSM,,Tourism,Tennoji Zoo,天王寺动物园,https://batpad.github.io/quick-geocode/?name=Tennoji%20Zoo&city=Osaka,"https://www.google.com/maps/search/Tennoji+Zoo,+Osaka/",node,1422989286,,#N/A,overpass,,,,,,ja:天王寺動物園
Osaka,OSM,Bharata,Tourism,The Japan Folk Crafts Museum,大阪日本民艺馆,https://batpad.github.io/quick-geocode/?name=The%20Japan%20Folk%20Crafts%20Museum&city=Osaka,"https://www.google.com/maps/search/The+Japan+Folk+Crafts+Museum,+Osaka/",node,1420781094,"https://www.google.co.in/maps/place/The+Japan+Folk+Crafts+Museum/@35.660829,139.6792134,15z/data=!4m5!3m4!1s0x0:0x737f4ccc575fff9f!8m2!3d35.660829!4d139.6792134",http://www.openstreetmap.org/?mlat=35.660829&mlon=139.6792134#map=18/35.660829/139.6792134&layers=D,google,,,,,,ja:日本民藝館
Paris,OSM,Abhishek,Hotel,InterContinental Paris-Le Grand,洲际巴黎大酒店,https://batpad.github.io/quick-geocode/?name=InterContinental%20Paris-Le%20Grand&city=Paris,"https://www.google.com/maps/search/InterContinental+Paris-Le+Grand,+Paris/",node,274261929,,#N/A,quick-geocode,,,,,,fr:InterContinental Paris Le Grand
Paris,OSM,Abhishek,Hotel,Shangri-La Hotel-Paris,香格里拉巴黎大酒店,https://batpad.github.io/quick-geocode/?name=Shangri-La%20Hotel-Paris&city=Paris,"https://www.google.com/maps/search/Shangri-La+Hotel-Paris,+Paris/",node,2188238939,,#N/A,,,,,,,fr:Hôtel particulier de Roland Bonaparte
Paris,OSM,Abhishek,Restaurant,Café les Deux Moulins,双风车咖啡馆,https://batpad.github.io/quick-geocode/?name=Café%20les%20Deux%20Moulins&city=Paris,"https://www.google.com/maps/search/Café+les+Deux+Moulins,+Paris/",node,408952536,,#N/A,quick-geocode,,,,,Q2593762,
Paris,OSM,Abhishek,Shopping,Carrousel du Louvre,卢浮宫卡鲁塞勒商廊,https://batpad.github.io/quick-geocode/?name=Carrousel%20du%20Louvre&city=Paris,"https://www.google.com/maps/search/Carrousel+du+Louvre,+Paris/",way,278497602,,#N/A,quick-geocode,,,,category is a shopping mall,,fr:Carrousel du Louvre
Paris,OSM,Abhishek,Shopping,Galeries Lafayette,老佛爷百货公司,https://batpad.github.io/quick-geocode/?name=Galeries%20Lafayette&city=Paris,"https://www.google.com/maps/search/Galeries+Lafayette,+Paris/",way,69224062,,#N/A,,,,,,,fr:Galeries Lafayette Haussmann
Paris,OSM,Abhishek,Shopping,Louis Vuitton Boutique,Louis Vuitton（香榭丽舍店）,https://batpad.github.io/quick-geocode/?name=Louis%20Vuitton%20Boutique&city=Paris,"https://www.google.com/maps/search/Louis+Vuitton+Boutique,+Paris/",node,3584425121,,#N/A,quick-geocode,,,,,,en:Louis Vuitton
Paris,OSM,Abhishek,Restaurant,Shakespeare and Company,莎士比亚书店,https://batpad.github.io/quick-geocode/?name=Shakespeare%20and%20Company&city=Paris,"https://www.google.com/maps/search/Shakespeare+and+Company,+Paris/",node,251373380,,#N/A,quick-geocode,,,,,,fr:Shakespeare and Company
Paris,OSM,Abhishek,Tourism,Arc de Triomphe,凯旋门,https://batpad.github.io/quick-geocode/?name=Arc%20de%20Triomphe&city=Paris,"https://www.google.com/maps/search/Arc+de+Triomphe,+Paris/",way,226413508,,#N/A,quick-geocode,,,,,Q64436,fr:Arc de triomphe de l'Étoile
Paris,OSM,Abhishek,Tourism,Assemblée Nationale,波旁宫（国民议会）,https://batpad.github.io/quick-geocode/?name=Assemblée%20Nationale&city=Paris,"https://www.google.com/maps/search/Assemblée+Nationale,+Paris/",way,175448742,,#N/A,quick-geocode,,,,,,fr:Assemblée nationale (France)
Paris,OSM,Abhishek,Tourism,Basilica of the Sacred Heart,圣心教堂,https://batpad.github.io/quick-geocode/?name=Basilica%20of%20the%20Sacred%20Heart&city=Paris,"https://www.google.com/maps/search/Basilica+of+the+Sacred+Heart,+Paris/",way,23762981,,#N/A,osm-nominatim,,,,,Q28785,fr:Basilique du Sacré-Cœur de Montmartre
Paris,OSM,Abhishek,Tourism,Cimetière du Père Lachaise,拉雪兹公墓,https://batpad.github.io/quick-geocode/?name=Cimetière%20du%20Père%20Lachaise&city=Paris,"https://www.google.com/maps/search/Cimetière+du+Père+Lachaise,+Paris/",way,13859706,,#N/A,quick-geocode,,,,,Q311,fr:Cimetière du Père-Lachaise
Paris,OSM,Abhishek,Tourism,Disneyland Paris,巴黎迪士尼乐园,https://batpad.github.io/quick-geocode/?name=Disneyland%20Paris&city=Paris,"https://www.google.com/maps/search/Disneyland+Paris,+Paris/",way,205732748,"https://www.google.co.in/maps/place/Disneyland+Paris/@48.8722344,2.7758079,15z/data=!4m13!1m7!3m6!1s0x0:0x57faf8cb6310e660!2sDisneyland+Paris!3b1!8m2!3d48.8722344!4d2.7758079!3m4!1s0x0:0x57faf8cb6310e660!8m2!3d48.8722344!4d2.7758079",http://www.openstreetmap.org/?mlat=48.8722344&mlon=2.7758079!3m4!1s0x0:0x57faf8cb6310e660!8m2!/?mlat=48.8722344&mlon=2.7758079!3m4!1s0x0:0x57faf8cb6310e660!8m2!/?mlat=48.8722344&mlon=2.7758079#map=18/48.8722344/2.7758079&layers=D,osm-nominatim,,,,,,fr:Disneyland Paris
Paris,OSM,Abhishek,Tourism,église St-étienne du Mont,圣伊田居孟教堂,https://batpad.github.io/quick-geocode/?name=église%20St-étienne%20du%20Mont&city=Paris,"https://www.google.com/maps/search/église+St-étienne+du+Mont,+Paris/",way,55343672,,#N/A,quick-geocode,,,,,Q583251,fr:Église Saint-Étienne-du-Mont
Paris,OSM,Abhishek,Tourism,Eiffel Tower,埃菲尔铁塔,https://batpad.github.io/quick-geocode/?name=Eiffel%20Tower&city=Paris,"https://www.google.com/maps/search/Eiffel+Tower,+Paris/",way,5013364,,#N/A,quick-geocode,,,,,Q243,fr:Tour Eiffel
Paris,OSM,Abhishek,Tourism,Fondation Dubuffet,杜布菲基金会,https://batpad.github.io/quick-geocode/?name=Fondation%20Dubuffet&city=Paris,"https://www.google.com/maps/search/Fondation+Dubuffet,+Paris/",way,327059384,"https://www.google.com/maps/place/Fondation+Dubuffet/@48.8470336,2.3176112,17z/data=!3m1!4b1!4m5!3m4!1s0x47e6702d8f3d1601:0x3a4e1dbf978e5bcf!8m2!3d48.8470336!4d2.3176112",http://www.openstreetmap.org/?mlat=1601:0x3a4e1dbf978e5bcf!8m2!/?mlat=48.8470336&mlon=2.3176112#map=18/48.8470336/2.3176112&layers=D,google,,,,,,fr:Closerie Falbala
Paris,OSM,Abhishek,Tourism,Grand Théâtre de Rex,大雷克斯剧院,https://batpad.github.io/quick-geocode/?name=Grand%20Théâtre%20de%20Rex&city=Paris,"https://www.google.com/maps/search/Grand+Théâtre+de+Rex,+Paris/",node,690982176,,#N/A,osm-nominatim,,,Le Grand Rex,,,fr:Le Grand Rex
Paris,OSM,Abhishek,Tourism,House of Culture of Japan to Paris,日本巴黎文化屋,https://batpad.github.io/quick-geocode/?name=House%20of%20Culture%20of%20Japan%20to%20Paris&city=Paris,"https://www.google.com/maps/search/House+of+Culture+of+Japan+to+Paris,+Paris/",way,151074455,"https://www.google.com/maps/place/Japanese+Culture+House+of+Paris/@48.8548717,2.2897014,17z/data=!3m1!4b1!4m5!3m4!1s0x47e6701d20187401:0x2f24e920fc779294!8m2!3d48.8548717!4d2.2897014",http://www.openstreetmap.org/?mlat=48.8548717&mlon=2.2897014#map=18/48.8548717/2.2897014&layers=D,google,,,,,,fr:Maison de la culture du Japon à Paris
Paris,OSM,Abhishek,Tourism,Institut du Monde Arabe,阿拉伯世界研究院,https://batpad.github.io/quick-geocode/?name=Institut%20du%20Monde%20Arabe&city=Paris,"https://www.google.com/maps/search/Institut+du+Monde+Arabe,+Paris/",way,151074455,,#N/A,google,,,Maison de la Culture du Japon,,,fr:Maison de la culture du Japon à Paris
Paris,OSM,Abhishek,Tourism,Le Mur des Je t'aime,巴黎爱墙,https://batpad.github.io/quick-geocode/?name=Le%20Mur%20des%20Je%20t'aime&city=Paris,"https://www.google.com/maps/search/Le+Mur+des+Je+t'aime,+Paris/",node,4044428611,,#N/A,quick-geocode,,,,,Q19831130,
Paris,OSM,Abhishek,Tourism,Mémorial des Martyrs de la Déportation,驱逐纪念馆,https://batpad.github.io/quick-geocode/?name=Mémorial%20des%20Martyrs%20de%20la%20Déportation&city=Paris,"https://www.google.com/maps/search/Mémorial+des+Martyrs+de+la+Déportation,+Paris/",way,28904023,,#N/A,quick-geocode,,,,,,fr:Mémorial des Martyrs de la Déportation
Paris,OSM,Abhishek,Tourism,Musée Cognacq-Jay,杰博物馆,https://batpad.github.io/quick-geocode/?name=Musée%20Cognacq-Jay&city=Paris,"https://www.google.com/maps/search/Musée+Cognacq-Jay,+Paris/",way,57781649,,#N/A,quick-geocode,,,,,,fr:Musée Cognacq-Jay
Paris,OSM,Abhishek,Tourism,Musée des Arts et Métiers,工艺品艺术博物馆,https://batpad.github.io/quick-geocode/?name=Musée%20des%20Arts%20et%20Métiers&city=Paris,"https://www.google.com/maps/search/Musée+des+Arts+et+Métiers,+Paris/",node,247618453,"https://www.google.co.in/maps/place/Metiers+Art+Museum/@48.8666392,2.3554383,15z/data=!3m1!5s0x47e66e100fec651b:0xbb706d2789af5145!4m13!1m7!3m6!1s0x0:0x772045ec563b1de2!2sMetiers+Art+Museum!3b1!8m2!3d48.8666392!4d2.3554383!3m4!1s0x0:0x772045ec563b1de2!8m2!3d48.8666392!4d2.3554383",http://www.openstreetmap.org/?mlat=48.8666392&mlon=2.3554383!3m4!1s0x0:0x772045ec563b1de2!8m2!/?mlat=48.8666392&mlon=2.3554383!3m4!1s0x0:0x772045ec563b1de2!8m2!/?mlat=48.8666392&mlon=2.3554383#map=18/48.8666392/2.3554383&layers=D,,,,Musée national des Arts et Métiers,,,fr:Musée des arts et métiers
Paris,OSM,Abhishek,Tourism,Musée du Louvre,卢浮宫,https://batpad.github.io/quick-geocode/?name=Musée%20du%20Louvre&city=Paris,"https://www.google.com/maps/search/Musée+du+Louvre,+Paris/",relation,3262297,,#N/A,osm-nominatim,,,,,Q1075988,fr:Palais du Louvre
Paris,OSM,Abhishek,Tourism,Musée national du Moyen ?ge - Thermes et h?tel de Cluny,克鲁尼中古世纪美术馆,https://batpad.github.io/quick-geocode/?name=Musée%20national%20du%20Moyen%20?ge%20-%20Thermes%20et%20h?tel%20de%20Cluny&city=Paris,"https://www.google.com/maps/search/Musée+national+du+Moyen+?ge+-+Thermes+et+h?tel+de+Cluny,+Paris/",way,56640163,,#N/A,quick-geocode,,,,,,fr:Musée de Cluny
Paris,OSM,Abhishek,Tourism,Notre-Dame de Paris,巴黎圣母院,https://batpad.github.io/quick-geocode/?name=Notre-Dame%20de%20Paris&city=Paris,"https://www.google.com/maps/search/Notre-Dame+de+Paris,+Paris/",way,201611261,,#N/A,quick-geocode,,,,,Q2981,fr:Cathédrale Notre-Dame de Paris
Paris,OSM,Abhishek,Tourism,Parc de la Villette,拉维莱特公园,https://batpad.github.io/quick-geocode/?name=Parc%20de%20la%20Villette&city=Paris,"https://www.google.com/maps/search/Parc+de+la+Villette,+Paris/",way,19434846,,#N/A,quick-geocode,,,,,Q246448,fr:Parc de la Villette
Paris,OSM,Abhishek,Tourism,Place Stalingrad,斯大林格勒广场,https://batpad.github.io/quick-geocode/?name=Place%20Stalingrad&city=Paris,"https://www.google.com/maps/search/Place+Stalingrad,+Paris/",way,258205619,,#N/A,quick-geocode,,,,,Q2577891,
Paris,OSM,Abhishek,Tourism,Versailles Palace,凡尔赛宫,https://batpad.github.io/quick-geocode/?name=Versailles%20Palace&city=Paris,"https://www.google.com/maps/search/Versailles+Palace,+Paris/",relation,1149002,,#N/A,osm-nominatim,,,Château de Versailles,,Q2946,fr:Château de Versailles
Rome,OSM,Bharata,Shopping,Officina Profumo-Farmaceutica di Santa Maria Novella,新圣母教堂香料药房（罗马店）,https://batpad.github.io/quick-geocode/?name=Officina%20Profumo-Farmaceutica%20di%20Santa%20Maria%20Novella&city=Rome,"https://www.google.com/maps/search/Officina+Profumo-Farmaceutica+di+Santa+Maria+Novella,+Rome/",way,204143229,,#N/A,google,,,,,,it:Officina profumo-farmaceutica di Santa Maria Novella
Rome,OSM,Abhishek,Tourism,Arch of Constantine,君士坦丁凯旋门,https://batpad.github.io/quick-geocode/?name=Arch%20of%20Constantine&city=Rome,"https://www.google.com/maps/search/Arch+of+Constantine,+Rome/",way,23590989,,#N/A,quick-geocode,,,,,,en:Arch of Constantine
Rome,OSM,Abhishek,Tourism,Auditorium Parco della Musica,罗马音乐厅,https://batpad.github.io/quick-geocode/?name=Auditorium%20Parco%20della%20Musica&city=Rome,"https://www.google.com/maps/search/Auditorium+Parco+della+Musica,+Rome/",way,27536313,,#N/A,quick-geocode,,,,,,it:Auditorium Parco della Musica
Rome,OSM,Abhishek,Tourism,Capela dos Ossos,人骨教堂,https://batpad.github.io/quick-geocode/?name=Capela%20dos%20Ossos&city=Rome,"https://www.google.com/maps/search/Capela+dos+Ossos,+Rome/",node,1920431774,"https://www.google.com.pe/maps/place/Chapel+of+Bones/@38.5689405,-7.9083583,21z/data=!4m12!1m6!3m5!1s0xd19e4db8ab89649:0xe3e92f62f42dc3c6!2sChapel+of+Bones!8m2!3d38.5689654!4d-7.9083134!3m4!1s0xd19e4db8ab89649:0xe3e92f62f42dc3c6!8m2!3d38.5689654!4d-7.9083134",http://www.openstreetmap.org/?mlat=38.5689654&mlon=-7.9083134!3m4!1s0xd19e4db8ab89649:0xe3e92f62f42dc3c6!8m2!/?mlat=38.5689654&mlon=-7.9083134!3m4!1s0xd19e4db8ab89649:0xe3e92f62f42dc3c6!8m2!/?mlat=38.5689654&mlon=-7.9083134#map=18/38.5689405/-7.9083583&layers=D,osm-nominatim,,,,Not found,,pt:Capela dos Ossos
Rome,OSM,Upendra,Tourism,Cappella Sistina,西斯廷礼拜堂,https://batpad.github.io/quick-geocode/?name=Cappella%20Sistina&city=Rome,"https://www.google.com/maps/search/Cappella+Sistina,+Rome/",way,215289671,,#N/A,quick-geocode,,,,,Q2943,en:Sistine Chapel
Rome,OSM,Upendra,Tourism,Catacombe di Priscilla,普黎史拉墓窟,https://batpad.github.io/quick-geocode/?name=Catacombe%20di%20Priscilla&city=Rome,"https://www.google.com/maps/search/Catacombe+di+Priscilla,+Rome/",node,259064789,,#N/A,quick-geocode,,,,,,en:Catacomb of Priscilla
Rome,OSM,Upendra,Tourism,Chiesa del Gesù,耶稣堂,https://batpad.github.io/quick-geocode/?name=Chiesa%20del%20Gesù&city=Rome,"https://www.google.com/maps/search/Chiesa+del+Gesù,+Rome/",way,25610962,,#N/A,quick-geocode,,,,,,it:Chiesa del Gesù
Rome,OSM,Upendra,Tourism,Chiesa di Santa Maria della Concezione,康契吉欧尼的圣母教堂,https://batpad.github.io/quick-geocode/?name=Chiesa%20di%20Santa%20Maria%20della%20Concezione&city=Rome,"https://www.google.com/maps/search/Chiesa+di+Santa+Maria+della+Concezione,+Rome/",way,89985362,,#N/A,quick-geocode,,,,,,it:Chiesa di Santa Maria della Concezione in Campo Marzio
Rome,OSM,Upendra,Tourism,Foro Traiano,图拉真广场,https://batpad.github.io/quick-geocode/?name=Foro%20Traiano&city=Rome,"https://www.google.com/maps/search/Foro+Traiano,+Rome/",relation,1754380,"https://www.google.com/maps/place/Trajan+Forum/@41.8951738,12.4853192,21z/data=!4m13!1m7!3m6!1s0x0:0xcd9952c5c3d3c4e6!2sTrajan+Forum!3b1!8m2!3d41.8951797!4d12.4853363!3m4!1s0x0:0xcd9952c5c3d3c4e6!8m2!3d41.8951797!4d12.4853363",http://www.openstreetmap.org/?mlat=3c4e6!2sTrajan+Forum!3b1!8m2!/?mlat=41.8951797&mlon=12.4853363!3m4!1s0x0:0xcd9952c5c/?mlat=3c4e6!8m2!/?mlat=41.8951797&mlon=12.4853363!3m4!1s0x0:0xcd9952c5c/?mlat=3c4e6!8m2!/?mlat=41.8951797&mlon=12.4853363#map=18/41.8951738/12.4853192&layers=D,osm-nominatim,,,,,,en:Trajan's Forum
Rome,OSM,Upendra,Tourism,Forum of Augustus,奥古斯都论坛,https://batpad.github.io/quick-geocode/?name=Forum%20of%20Augustus&city=Rome,"https://www.google.com/maps/search/Forum+of+Augustus,+Rome/",relation,1899638,"https://www.google.com/maps/place/Forum+of+Augustus/@41.8942928,12.4869573,21z/data=!4m13!1m7!3m6!1s0x132f61b3a74e65ed:0x68995faf8f17dcd6!2sForum+of+Augustus!3b1!8m2!3d41.8942545!4d12.4868933!3m4!1s0x132f61b3a74e65ed:0x68995faf8f17dcd6!8m2!3d41.8942545!4d12.4868933",http://www.openstreetmap.org/?mlat=41.8942545&mlon=12.4868933!3m4!1s0x132f61b3a74e65ed:0x68995faf8f17dcd6!8m2!/?mlat=41.8942545&mlon=12.4868933!3m4!1s0x132f61b3a74e65ed:0x68995faf8f17dcd6!8m2!/?mlat=41.8942545&mlon=12.4868933#map=18/41.8942928/12.4869573&layers=D,osm-nominatim,,,,,,en:Forum of Augustus
Rome,OSM,Upendra,Tourism,House of Livia,利维亚居所,https://batpad.github.io/quick-geocode/?name=House%20of%20Livia&city=Rome,"https://www.google.com/maps/search/House+of+Livia,+Rome/",relation,1860919,"https://www.google.com/maps/place/House+of+Livia+-+Roman+Forums/@41.8893349,12.4855822,21z/data=!4m13!1m7!3m6!1s0x132f61b56b406071:0xcf67e4e9994bc732!2sHouse+of+Livia+-+Roman+Forums!3b1!8m2!3d41.889288!4d12.485629!3m4!1s0x132f61b56b406071:0xcf67e4e9994bc732!8m2!3d41.889288!4d12.485629",http://www.openstreetmap.org/?mlat=41.889288&mlon=12.485629!3m4!1s0x132f61b56b406071:0xcf67e4e9994bc732!8m2!/?mlat=41.889288&mlon=12.485629!3m4!1s0x132f61b56b406071:0xcf67e4e9994bc732!8m2!/?mlat=41.889288&mlon=12.485629#map=18/41.8893349/12.4855822&layers=D,osm-nominatim,,,,,,it:Casa di Livia
Rome,OSM,Upendra,Tourism,Il Colosseo,罗马斗兽场,https://batpad.github.io/quick-geocode/?name=Il%20Colosseo&city=Rome,"https://www.google.com/maps/search/Il+Colosseo,+Rome/",relation,1834818,"https://www.google.com/maps/place/Colosseum/@41.890311,12.4920686,20z/data=!4m13!1m7!3m6!1s0x132f61b6532013ad:0x28f1c82e908503c4!2sColosseum!3b1!8m2!3d41.8902102!4d12.4922309!3m4!1s0x132f61b6532013ad:0x28f1c82e908503c4!8m2!3d41.8902102!4d12.4922309",http://www.openstreetmap.org/?mlat=41.8902102&mlon=12.4922309!3m4!1s0x132f61b6532013ad:0x28f1c82e908503c4!8m2!/?mlat=41.8902102&mlon=12.4922309!3m4!1s0x132f61b6532013ad:0x28f1c82e908503c4!8m2!/?mlat=41.8902102&mlon=12.4922309#map=18/41.890311/12.4920686&layers=D,osm-nominatim,,,,,Q10285,it:Colosseo
Rome,OSM,Upendra,Tourism,Mausoleum of Augustus,奥古斯都陵墓,https://batpad.github.io/quick-geocode/?name=Mausoleum%20of%20Augustus&city=Rome,"https://www.google.com/maps/search/Mausoleum+of+Augustus,+Rome/",way,201741868,,#N/A,,,,,,,en:Mausoleum of Augustus
Rome,OSM,Abhishek,Tourism,Museo delle Mura,城墙博物馆,https://batpad.github.io/quick-geocode/?name=Museo%20delle%20Mura&city=Rome,"https://www.google.com/maps/search/Museo+delle+Mura,+Rome/",way,27519297,,#N/A,osm-nominatim,,,,,,it:Porta San Sebastiano
Rome,OSM,Abhishek,Tourism,Museo di Roma,罗马博物馆,https://batpad.github.io/quick-geocode/?name=Museo%20di%20Roma&city=Rome,"https://www.google.com/maps/search/Museo+di+Roma,+Rome/",node,656829698,,#N/A,quick-geocode,,,,,,it:Museo di Roma a palazzo Braschi
Rome,OSM,Abhishek,Tourism,Museo Nazionale Romano,阿特姆彼斯博物馆,https://batpad.github.io/quick-geocode/?name=Museo%20Nazionale%20Romano&city=Rome,"https://www.google.com/maps/search/Museo+Nazionale+Romano,+Rome/",node,677476578,,#N/A,quick-geocode,,,,,,it:Museo nazionale romano di palazzo Altemps
Rome,OSM,Abhishek,Tourism,Palatine Hill,帕拉蒂尼山,https://batpad.github.io/quick-geocode/?name=Palatine%20Hill&city=Rome,"https://www.google.com/maps/search/Palatine+Hill,+Rome/",node,365475871,"https://www.google.co.in/maps/place/Palatine+Hill/@41.8894025,12.4873026,21z/data=!4m5!3m4!1s0x132f61b5a34f37f3:0x9d9bf39cc11700c2!8m2!3d41.8894036!4d12.4874662",http://www.openstreetmap.org/?mlat=41.8894036&mlon=12.4874662#map=18/41.8894025/12.4873026&layers=D,osm-nominatim,,,,,,it:Palatino
Rome,OSM,Abhishek,Tourism,Palazzo valentini,瓦伦蒂尼宫,https://batpad.github.io/quick-geocode/?name=Palazzo%20valentini&city=Rome,"https://www.google.com/maps/search/Palazzo+valentini,+Rome/",relation,1892857,"https://www.google.co.in/maps/place/Palazzo+Valentini/@41.8960601,12.4839559,21z/data=!4m12!1m6!3m5!1s0x132f604d35b560af:0xb9795d4d7e020f01!2sPalazzo+Valentini!8m2!3d41.8960502!4d12.484071!3m4!1s0x132f604d35b560af:0xb9795d4d7e020f01!8m2!3d41.8960502!4d12.484071",http://www.openstreetmap.org/?mlat=41.8960502&mlon=12.484071!3m4!1s0x132f604d35b560af:0xb9795d4d7e020f01!8m2!/?mlat=41.8960502&mlon=35b560af:0xb9795d4d7e020f01!2sPalazzo+Valentini!8m2!/?mlat=41.8960502&mlon=12.484071!3m4!1s0x132f604d35b560af:0xb9795d4d7e020f01!8m2!/?mlat=41.8960502&mlon=12.484071#map=18/41.8960601/12.4839559&layers=D,osm-nominatim,,,,,,it:Palazzo Valentini
Rome,OSM,Abhishek,Tourism,Piazza del Popolo,罗马人民广场,https://batpad.github.io/quick-geocode/?name=Piazza%20del%20Popolo&city=Rome,"https://www.google.com/maps/search/Piazza+del+Popolo,+Rome/",way,22955551,,#N/A,quick-geocode,,,,,,it:Piazza del Popolo (Roma)
Rome,OSM,Abhishek,Tourism,Piazza Farnese,法涅塞市政广场,https://batpad.github.io/quick-geocode/?name=Piazza%20Farnese&city=Rome,"https://www.google.com/maps/search/Piazza+Farnese,+Rome/",way,22960987,,#N/A,quick-geocode,,,,,,it:Piazza Farnese (Roma)
Rome,OSM,Abhishek,Tourism,Roma Botanic Garden,罗马植物园,https://batpad.github.io/quick-geocode/?name=Roma%20Botanic%20Garden&city=Rome,"https://www.google.com/maps/search/Roma+Botanic+Garden,+Rome/",way,204458359,"https://www.google.co.in/maps/place/Orto+Botanico/@41.892004,12.4639783,15.93z/data=!4m13!1m7!3m6!1s0x0:0x8130d24e4754dd0c!2sOrto+Botanico!3b1!8m2!3d41.8925862!4d12.4649737!3m4!1s0x0:0x8130d24e4754dd0c!8m2!3d41.8925862!4d12.4649737",http://www.openstreetmap.org/?mlat=41.8925862&mlon=12.4649737!3m4!1s0x0:0x8130d24e4754dd0c!8m2!/?mlat=41.8925862&mlon=12.4649737!3m4!1s0x0:0x8130d24e4754dd0c!8m2!/?mlat=41.8925862&mlon=12.4649737#map=18/41.892004/12.4639783&layers=D,osm-nominatim,,,,,,it:Orto botanico di Roma
Rome,OSM,Abhishek,Tourism,San Sebastiano (church),圣塞巴斯蒂诺(教会),https://batpad.github.io/quick-geocode/?name=San%20Sebastiano%20(church)&city=Rome,"https://www.google.com/maps/search/San+Sebastiano+(church),+Rome/",way,27519297,,#N/A,quick-geocode,,,,,,it:Porta San Sebastiano
Rome,OSM,Abhishek,Tourism,Santa Maria del Popolo,人民圣母教堂,https://batpad.github.io/quick-geocode/?name=Santa%20Maria%20del%20Popolo&city=Rome,"https://www.google.com/maps/search/Santa+Maria+del+Popolo,+Rome/",way,52430153,"https://www.google.co.in/maps/place/Basilica+Parrocchiale+Santa+Maria+del+Popolo/@41.91145,12.476311,15z/data=!4m5!3m4!1s0x0:0xb8093116ed4429ad!8m2!3d41.91145!4d12.476311",http://www.openstreetmap.org/?mlat=41.91145&mlon=12.476311#map=18/41.91145/12.476311&layers=D,osm-nominatim,,,Basilica di Santa Maria del Popolo,,,it:Basilica di Santa Maria del Popolo
Rome,OSM,Abhishek,Tourism,Santa Maria in Trastevere,圣母玛利亚广场,https://batpad.github.io/quick-geocode/?name=Santa%20Maria%20in%20Trastevere&city=Rome,"https://www.google.com/maps/search/Santa+Maria+in+Trastevere,+Rome/",way,51368975,"https://www.google.co.in/maps/place/Basilica+of+Our+Lady+in+Trastevere/@41.8894657,12.4696635,15z/data=!4m13!1m7!3m6!1s0x0:0x366752f3f04c4022!2sBasilica+of+Our+Lady+in+Trastevere!3b1!8m2!3d41.8894657!4d12.4696635!3m4!1s0x0:0x366752f3f04c4022!8m2!3d41.8894657!4d12.4696635",http://www.openstreetmap.org/?mlat=41.8894657&mlon=12.4696635!3m4!1s0x0:0x366752f3f04c4022!8m2!/?mlat=41.8894657&mlon=12.4696635!3m4!1s0x0:0x366752f3f04c4022!8m2!/?mlat=41.8894657&mlon=12.4696635#map=18/41.8894657/12.4696635&layers=D,osm-nominatim,,,Basilica di Santa Maria in Trastevere,,,it:Basilica di Santa Maria in Trastevere
Rome,OSM,Abhishek,Tourism,Ss. Nome di Maria,圣母圣名堂,https://batpad.github.io/quick-geocode/?name=Ss.%20Nome%20di%20Maria&city=Rome,"https://www.google.com/maps/search/Ss.+Nome+di+Maria,+Rome/",way,114354377,,#N/A,quick-geocode,,,,,,it:Chiesa del Santissimo Nome di Maria
Rome,OSM,Abhishek,Tourism,St. Peter's Basilica,圣彼得大教堂,https://batpad.github.io/quick-geocode/?name=St.%20Peter's%20Basilica&city=Rome,"https://www.google.com/maps/search/St.+Peter's+Basilica,+Rome/",relation,2754121,,#N/A,osm-nominatim,,,,,Q12512,en:St. Peter's Basilica
Rome,OSM,Abhishek,Tourism,Temple of Portunus,波图努斯神庙,https://batpad.github.io/quick-geocode/?name=Temple%20of%20Portunus&city=Rome,"https://www.google.com/maps/search/Temple+of+Portunus,+Rome/",way,251331418,,#N/A,quick-geocode,,,,,,it:Tempio di Portuno
Rome,OSM,Abhishek,Tourism,Vatican Museums (Musei vaticani),梵蒂冈博物馆,https://batpad.github.io/quick-geocode/?name=Vatican%20Museums%20(Musei%20vaticani)&city=Rome,"https://www.google.com/maps/search/Vatican+Museums+(Musei+vaticani),+Rome/",way,255959482,,#N/A,quick-geocode,,,,,Q182955,en:Vatican Museums
Rome,OSM,Abhishek,Tourism,Via della Conciliazione,协和大街,https://batpad.github.io/quick-geocode/?name=Via%20della%20Conciliazione&city=Rome,"https://www.google.com/maps/search/Via+della+Conciliazione,+Rome/",way,4949596,,#N/A,quick-geocode,,,,,,en:Via della Conciliazione
Rome,OSM,Abhishek,Tourism,Villa Farnesina,法内仙纳庄园,https://batpad.github.io/quick-geocode/?name=Villa%20Farnesina&city=Rome,"https://www.google.com/maps/search/Villa+Farnesina,+Rome/",way,86249135,,#N/A,quick-geocode,,,,,,it:Villa Farnesina
Seoul,OSM,Upendra,Tourism,Changdeokgung,昌德宫,https://batpad.github.io/quick-geocode/?name=Changdeokgung&city=Seoul,"https://www.google.com/maps/search/Changdeokgung,+Seoul/",way,75958524,,#N/A,quick-geocode,,,,,,en:Changdeokgung
Seoul,OSM,Upendra,Tourism,Cheongwadae,青瓦台,https://batpad.github.io/quick-geocode/?name=Cheongwadae&city=Seoul,"https://www.google.com/maps/search/Cheongwadae,+Seoul/",way,301279809,"https://www.google.com.pe/maps/place/Blue+House/@37.5865943,126.9749039,21z/data=!4m5!3m4!1s0x0:0xb16d5f135eaaddc!8m2!3d37.5866076!4d126.974811",http://www.openstreetmap.org/?mlat=37.5866076&mlon=126.974811#map=18/37.5865943/126.9749039&layers=D,google,126.976407,37.583757,,,,ko:청와대
Seoul,OSM,arun,Tourism,Ewha Womans University,梨花女子大学,https://batpad.github.io/quick-geocode/?name=Ewha%20Womans%20University&city=Seoul,"https://www.google.com/maps/search/Ewha+Womans+University,+Seoul/",relation,6384813,"https://www.google.com/maps/place/Ewha+Womans+University/@37.5618577,126.9468294,17z/data=!3m1!4b1!4m5!3m4!1s0x357c988459902d69:0xf2536b3850f9d80d!8m2!3d37.5618577!4d126.9468294",http://www.openstreetmap.org/?mlat=37.5618577&mlon=126.9468294#map=18/37.5618577/126.9468294&layers=D,geonames,126.946464,37.561704,,,,en:Ewha Womans University
Seoul,OSM,Upendra,Tourism,Gyeongbok Gung,景福宫,https://batpad.github.io/quick-geocode/?name=Gyeongbok%20Gung&city=Seoul,"https://www.google.com/maps/search/Gyeongbok+Gung,+Seoul/",relation,5501517,"https://www.google.com/maps/place/Gyeongbokgung+Palace/@37.579617,126.977041,17z/data=!3m1!4b1!4m5!3m4!1s0x357ca2c74aeddea1:0x8b3046532cc715f6!8m2!3d37.579617!4d126.977041",http://www.openstreetmap.org/?mlat=37.579617&mlon=126.977041#map=18/37.579617/126.977041&layers=D,geonames,126.97697,37.57857,,,,en:Gyeongbokgung
SF,OSM,,Tourism,De Young Museum,笛洋美术馆,https://batpad.github.io/quick-geocode/?name=De%20Young%20Museum&city=SF,"https://www.google.com/maps/search/De+Young+Museum,+SF/",relation,1652482,,#N/A,,-122.4687203,37.7714977,Young Museum,,Q1470276,en:De Young (museum)
SF,OSM,,Tourism,Haas-Lilienthal House,哈斯-丽莲梭住宅,https://batpad.github.io/quick-geocode/?name=Haas-Lilienthal%20House&city=SF,"https://www.google.com/maps/search/Haas-Lilienthal+House,+SF/",way,256993595,,#N/A,,-122.4249634,37.7932788,Lilienthal House,,,en:Haas-Lilienthal House
SF,OSM,,Tourism,Jeremiah O'Brien Liberty Ship,Jeremiah O'Brien 自由舰,https://batpad.github.io/quick-geocode/?name=Jeremiah%20O'Brien%20Liberty%20Ship&city=SF,"https://www.google.com/maps/search/Jeremiah+O'Brien+Liberty+Ship,+SF/",way,165599948,,#N/A,,-122.4179762,37.8110263,Jeremiah O'Brien,,,en:SS Jeremiah O'Brien
Siem Reap,OSM,arun,Shopping,Old Market,老市场,https://batpad.github.io/quick-geocode/?name=Old%20Market&city=Siem%20Reap,"https://www.google.com/maps/search/Old+Market,+Siem+Reap/",way,42672882,,#N/A,,,,,,,en:Psah Chas
Siem Reap,OSM,arun,Tourism,Angkor National Museum,吴哥国家博物馆,https://batpad.github.io/quick-geocode/?name=Angkor%20National%20Museum&city=Siem%20Reap,"https://www.google.com/maps/search/Angkor+National+Museum,+Siem+Reap/",way,322700733,,#N/A,,,,,,Q15961573,
Siem Reap,OSM,arun,Tourism,Angkor Thom,通王城,https://batpad.github.io/quick-geocode/?name=Angkor%20Thom&city=Siem%20Reap,"https://www.google.com/maps/search/Angkor+Thom,+Siem+Reap/",relation,2765784,,#N/A,osm-nominatim,,,,,Q223665,
Siem Reap,OSM,arun,Tourism,Angkor Wat,吴哥窟,https://batpad.github.io/quick-geocode/?name=Angkor%20Wat&city=Siem%20Reap,"https://www.google.com/maps/search/Angkor+Wat,+Siem+Reap/",way,91217761,,#N/A,,,,,,Q43473,en:Angkor Wat
Siem Reap,OSM,arun,Tourism,Banteay Srei,女王宫,https://batpad.github.io/quick-geocode/?name=Banteay%20Srei&city=Siem%20Reap,"https://www.google.com/maps/search/Banteay+Srei,+Siem+Reap/",way,227968458,,#N/A,,,,,,,en:Banteay Srei
Siem Reap,OSM,arun,Tourism,Bayon,巴戎寺,https://batpad.github.io/quick-geocode/?name=Bayon&city=Siem%20Reap,"https://www.google.com/maps/search/Bayon,+Siem+Reap/",way,205585419,"https://www.google.com/maps/place/The+Bayon/@13.4413567,103.8588791,17z/data=!3m1!4b1!4m5!3m4!1s0x3110142eaef23a95:0xa956c7b5e1b19d63!8m2!3d13.4413567!4d103.8588791",http://www.openstreetmap.org/?mlat=13.4413567&mlon=103.8588791#map=18/13.4413567/103.8588791&layers=D,,,,,,Q654024,
Siem Reap,OSM,arun,Tourism,Koh Ker,贡开,https://batpad.github.io/quick-geocode/?name=Koh%20Ker&city=Siem%20Reap,"https://www.google.com/maps/search/Koh+Ker,+Siem+Reap/",way,207274758,"https://www.google.com/maps/place/Koh+Ker+Temple/@13.7822429,104.5368065,17.5z/data=!4m12!1m6!3m5!1s0x3111a6ebece9c175:0x59d371161c428c3f!2sThom+Temple!8m2!3d13.7833466!4d104.5382174!3m4!1s0x0:0xa71c0c8f41f30b5c!8m2!3d13.7831052!4d104.5372088",http://www.openstreetmap.org/?mlat=13.7833466&mlon=104.5382174!3m4!1s0x0:0xa71c0c8f41f30b5c!8m2!/?mlat=13.7831052&mlon=104.5382174!3m4!1s0x0:0xa71c0c8f41f30b5c!8m2!/?mlat=13.7831052&mlon=104.5372088#map=18/13.7822429/104.5368065&layers=D,,,,,,,en:Koh Ker
Siem Reap,OSM,arun,Tourism,Kompong Phhluk,空邦鲁,https://batpad.github.io/quick-geocode/?name=Kompong%20Phhluk&city=Siem%20Reap,"https://www.google.com/maps/search/Kompong+Phhluk,+Siem+Reap/",node,3976685715,,#N/A,,,,,,Q6359305,en:Kampong Phluk
Siem Reap,OSM,arun,Tourism,Neak Pean,涅盘宫,https://batpad.github.io/quick-geocode/?name=Neak%20Pean&city=Siem%20Reap,"https://www.google.com/maps/search/Neak+Pean,+Siem+Reap/",way,28408942,"https://www.google.com/maps/place/Neak+Pean/@13.4634418,103.8940053,15.77z/data=!4m5!3m4!1s0x3110159702fbaa21:0xfad28f864834b955!8m2!3d13.463308!4d103.8949176",http://www.openstreetmap.org/?mlat=13.463308&mlon=103.8949176#map=18/13.4634418/103.8940053&layers=D,,,,,,,en:Neak Pean
Siem Reap,OSM,arun,Tourism,Phnom Bakheng,巴肯山,https://batpad.github.io/quick-geocode/?name=Phnom%20Bakheng&city=Siem%20Reap,"https://www.google.com/maps/search/Phnom+Bakheng,+Siem+Reap/",way,228284686,,#N/A,,,,,,Q578075,
Siem Reap,OSM,arun,Tourism,Prasat Ak Yum,亚扬寺,https://batpad.github.io/quick-geocode/?name=Prasat%20Ak%20Yum&city=Siem%20Reap,"https://www.google.com/maps/search/Prasat+Ak+Yum,+Siem+Reap/",way,227985270,,#N/A,,,,,,Q389395,
Siem Reap,OSM,arun,Tourism,Pre Rup,比粒寺,https://batpad.github.io/quick-geocode/?name=Pre%20Rup&city=Siem%20Reap,"https://www.google.com/maps/search/Pre+Rup,+Siem+Reap/",way,228275782,,#N/A,,,,,,Q1075826,
Siem Reap,OSM,arun,Tourism,Preah Khan,圣剑寺,https://batpad.github.io/quick-geocode/?name=Preah%20Khan&city=Siem%20Reap,"https://www.google.com/maps/search/Preah+Khan,+Siem+Reap/",relation,6644694,"https://www.google.com/maps/place/Preah+Khan+Temple/@13.4619053,103.8718644,17z/data=!3m1!4b1!4m5!3m4!1s0x311015b38b60a611:0xac2aec7536309927!8m2!3d13.4619053!4d103.8718644",http://www.openstreetmap.org/?mlat=13.4619053&mlon=103.8718644#map=18/13.4619053/103.8718644&layers=D,,,,,,Q944217,
Siem Reap,OSM,arun,Tourism,Srah Srang,皇家浴池,https://batpad.github.io/quick-geocode/?name=Srah%20Srang&city=Siem%20Reap,"https://www.google.com/maps/search/Srah+Srang,+Siem+Reap/",way,19727965,,#N/A,,,,,,,en:Srah Srang
Siem Reap,OSM,arun,Tourism,Ta Prohm,塔布笼寺,https://batpad.github.io/quick-geocode/?name=Ta%20Prohm&city=Siem%20Reap,"https://www.google.com/maps/search/Ta+Prohm,+Siem+Reap/",way,228146902,,#N/A,,,,,,Q592846,
Siem Reap,OSM,arun,Tourism,Terrace of the Leper King,癞王平台,https://batpad.github.io/quick-geocode/?name=Terrace%20of%20the%20Leper%20King&city=Siem%20Reap,"https://www.google.com/maps/search/Terrace+of+the+Leper+King,+Siem+Reap/",way,240266625,,#N/A,,,,,,Q616520,en:Terrace of the Leper King
Siem Reap,OSM,arun,Tourism,Western Mebon,西梅奔寺,https://batpad.github.io/quick-geocode/?name=Western%20Mebon&city=Siem%20Reap,"https://www.google.com/maps/search/Western+Mebon,+Siem+Reap/",way,194784742,,#N/A,,,,,,Q599465,
Singapore,OSM,,Hotel,"Shangri - La Hotel, Singapore",新加坡香格里拉大酒店,"https://batpad.github.io/quick-geocode/?name=Shangri%20-%20La%20Hotel,%20Singapore&city=Singapore","https://www.google.com/maps/search/Shangri+-+La+Hotel,+Singapore,+Singapore/",way,41890532,,#N/A,,103.82652,1.3113,La Hotel,,,en:Shangri-La Hotel Singapore
Singapore,OSM,,Shopping,Raffles City Shopping Centre,莱佛士城购物中心,https://batpad.github.io/quick-geocode/?name=Raffles%20City%20Shopping%20Centre&city=Singapore,"https://www.google.com/maps/search/Raffles+City+Shopping+Centre,+Singapore/",way,39487263,,#N/A,,103.85335,1.2939,Raffles City Shopping Centre,,,en:Raffles City
Singapore,OSM,,Tourism,Chinese Garden,裕华园,https://batpad.github.io/quick-geocode/?name=Chinese%20Garden&city=Singapore,"https://www.google.com/maps/search/Chinese+Garden,+Singapore/",way,20455631,,#N/A,,103.8635474,1.2830986,Chinese Garden,,Q5100456,"en:Chinese Garden, Singapore"
Singapore,OSM,,Tourism,Cilivan War Memorial,平民战争纪念碑,https://batpad.github.io/quick-geocode/?name=Cilivan%20War%20Memorial&city=Singapore,"https://www.google.com/maps/search/Cilivan+War+Memorial,+Singapore/",node,462263965,,#N/A,,103.85471,1.29293,Cilivan War Memorial,el nombre esta con war memorial,,"en:War Memorial Park, Singapore"
Singapore,OSM,,Tourism,Marine Life Park,新加坡海洋馆,https://batpad.github.io/quick-geocode/?name=Marine%20Life%20Park&city=Singapore,"https://www.google.com/maps/search/Marine+Life+Park,+Singapore/",way,445364429,"https://www.google.com/maps/place/Marine+Life+Park/@1.2587386,103.8186452,17z/data=!3m1!4b1!4m5!3m4!1s0x31da1bfe7e7b1891:0xf808a170763b1279!8m2!3d1.2587386!4d103.8186452",http://www.openstreetmap.org/?mlat=1.2587386&mlon=103.8186452#map=18/1.2587386/103.8186452&layers=D,,,,Marine Life Park,,Q7750331,en:The Maritime Experiential Museum
Singapore,OSM,,Tourism,River Safari,河川生态园,https://batpad.github.io/quick-geocode/?name=River%20Safari&city=Singapore,"https://www.google.com/maps/search/River+Safari,+Singapore/",way,262885929,,#N/A,,103.7913.879,1.4020.668,River Safari,,,en:River Safari
Tokyo,OSM,danny,Tourism,Ueno Zoo,上野动物园,https://batpad.github.io/quick-geocode/?name=Ueno%20Zoo&city=Tokyo,"https://www.google.com/maps/search/Ueno+Zoo,+Tokyo/",relation,5414226,,#N/A,google,139.7715244,35.71663699,,,Q746216,
Tokyo,OSM,danny,Tourism,Museum of Maritime Science,船舶科学馆,https://batpad.github.io/quick-geocode/?name=Museum%20of%20Maritime%20Science&city=Tokyo,"https://www.google.com/maps/search/Museum+of+Maritime+Science,+Tokyo/",node,1420796470,,#N/A,,139.772296,35.620217,,,,ja:船の科学館
Tokyo,OSM,danny,Tourism,Hachikou,八公铜像,https://batpad.github.io/quick-geocode/?name=Hachikou&city=Tokyo,"https://www.google.com/maps/search/Hachikou,+Tokyo/",node,597685675,,#N/A,google,139.700676,35.65908601,,,,ja:忠犬ハチ公
Tokyo,OSM,danny,Tourism,Daikanyama,代官山,https://batpad.github.io/quick-geocode/?name=Daikanyama&city=Tokyo,"https://www.google.com/maps/search/Daikanyama,+Tokyo/",node,3656056035,"https://www.google.com/maps/place/Daikanyamacho,+Shibuya,+Tokyo+150-0034,+Japan/@35.651208,139.7037343,17.49z/data=!4m5!3m4!1s0x60188b44e6cacbeb:0x566d8bd2a5a20a2!8m2!3d35.6496232!4d139.703326",http://www.openstreetmap.org/?mlat=35.6496232&mlon=139.703326#map=18/35.651208/139.7037343&layers=D,google,,,,,,ja:代官山駅
Tokyo,OSM,danny,Tourism,Tsukiji Market,筑地鱼市,https://batpad.github.io/quick-geocode/?name=Tsukiji%20Market&city=Tokyo,"https://www.google.com/maps/search/Tsukiji+Market,+Tokyo/",node,1485000168,,#N/A,,139.7724846,35.6632654,,,,ja:築地市場
Tokyo,OSM,danny,Hotel,Keio Plaza Hotel Tokyo,东京京王广场酒店,https://batpad.github.io/quick-geocode/?name=Keio%20Plaza%20Hotel%20Tokyo&city=Tokyo,"https://www.google.com/maps/search/Keio+Plaza+Hotel+Tokyo,+Tokyo/",way,116596175,,#N/A,overpass,139.6944104,35.69002857,,,,ja:京王プラザホテル
